age,salary
22,1269268.523086205
28,1600109.808150727
38,2050001.385518352
26,1504230.2002686495
33,1833055.6608473728
23,1335453.5837464288
39,2161400.6839216803
36,1995614.0007949863
22,1301250.6682566754
25,1411369.2778725326
22,1293938.8762926862
28,1574263.1280910547
22,1320401.4683285973
27,1584492.022129866
29,1640670.892907078
39,2184906.9003760493
18,1096777.5296508726
24,1405236.999091791
26,1513717.947196868
39,2133640.9984945636
36,2022000.1887097487
26,1484583.107470844
37,2041943.5065777837
35,1940917.4767232432
28,1573084.0880498998
21,1228493.0275276634
36,2014856.5467991112
35,1896042.1624411875
16,981618.3887671229
21,1287264.5366378448
18,1105046.916626829
30,1730607.9560290782
25,1449793.706814397
25,1421525.3577759254
20,1240109.2501077864
17,1028006.5858398238
37,2048018.0281626377
28,1581268.043647795
22,1276209.944713231
28,1614581.2043838075
17,1034681.0811994661
17,1073936.3341819225
35,1923622.5152194644
24,1407706.3190294697
30,1701165.2145653307
31,1755624.1291184581
39,2148768.5024789902
34,1863577.0883022498
25,1464031.3094388093
38,2105045.285280069
40,2188879.4821855472
35,1954117.482131652
29,1663595.683865965
30,1713549.9269184934
30,1694763.456137285
17,1036926.0565243498
20,1211669.3625326364
26,1524346.8256281437
25,1454133.8014499205
29,1657528.0914297446
30,1714385.5047384065
21,1246474.24080691
20,1200905.8992865016
32,1807799.198883955
23,1340885.4997831897
20,1237412.7851369185
32,1792369.8796059259
21,1256827.7216611216
31,1767603.2076813509
32,1794339.2563825804
25,1438919.981082327
27,1554630.9365055664
35,1990196.1549794225
22,1321176.2893426558
24,1374788.1196240028
32,1804424.26804785
26,1520182.2381251012
18,1103772.7140815954
21,1220391.6165972254
23,1320797.3294029643
40,2213330.89786342
31,1754172.8381297402
24,1410597.8109919983
16,1015808.6042936847
30,1695490.0263111633
29,1631393.9971472137
22,1297497.4394351053
30,1670476.4645337625
16,1028003.5707158875
21,1252513.069480809
30,1696282.8126235162
30,1697705.0251661954
32,1798089.3578199272
27,1526773.7959055481
17,1054079.9892222143
16,995190.0208303521
21,1215876.8046925166
37,2033434.7920881168
31,1749227.9180824622
33,1875602.5853794322
25,1484995.0783889259
32,1830549.0469195903
34,1905446.034611035
22,1299262.7219404595
24,1387238.1106465196
39,2141494.296056038
37,2079464.4869127893
23,1338359.0663577584
22,1344569.1900141176
26,1482493.9837967537
23,1376193.675733334
16,973617.7708935196
27,1529688.6667618903
22,1317280.8725214845
38,2084425.8794058906
27,1544107.2832561259
31,1764340.008694312
35,1972591.6170845493
30,1696341.784196246
35,1975966.0493187956
31,1777810.9250737869
28,1572662.185812993
38,2113166.7892482323
34,1925655.237056707
19,1152097.2653188377
36,2019116.971652264
34,1914239.2034268682
23,1345836.5614258246
37,2027450.2919365999
26,1534846.2769239247
16,988658.0205399442
27,1574726.8632522188
40,2194649.749561695
26,1514099.8757201228
18,1082627.709182929
20,1189422.591248597
21,1237596.0309089217
24,1425535.09629826
34,1872011.8856343515
26,1527655.4182283555
18,1100994.813308892
31,1733845.6004730144
30,1709252.9979249127
29,1657138.176984314
31,1759148.7803224614
31,1742659.297881389
40,2213244.142784406
24,1382228.3075048607
33,1849399.5310438306
22,1245536.913742499
22,1294658.5892323381
21,1232245.3289920015
36,2023331.342702079
28,1562521.6696632984
29,1653643.794017671
24,1410583.6998289395
27,1548427.1146325525
21,1234491.8575197929
28,1615801.6542489142
22,1269240.1511286085
27,1539740.105016065
24,1394579.9043022322
34,1923690.7849102877
32,1815419.631783863
38,2139109.7308792756
35,1958389.9454461944
27,1551774.4082743532
28,1621954.5562209394
23,1346290.910298554
39,2169805.329954099
26,1503550.4245103411
36,1974389.0684482525
40,2217466.7062542457
34,1921479.3908287548
37,2046287.781303859
29,1709924.7819079629
16,963240.7703389005
35,1929746.755012412
38,2069218.9738458435
20,1201798.7679164198
38,2099820.9532045554
25,1459782.286724861
26,1488871.717052418
23,1326969.913772531
28,1608035.0382001137
24,1380599.0399675595
27,1540139.5148923516
19,1155678.0118625984
16,962556.4851825886
35,1968693.6412579266
36,1976894.6511362055
17,1080135.3718423713
28,1601619.5615869998
19,1161938.6198564619
38,2113849.2824055334
24,1402623.909786868
39,2183493.693334828
18,1132838.603517074
23,1349265.8560876201
20,1230397.7015022016
30,1730547.720583115
21,1229481.4312572118
30,1688373.630360696
18,1100724.0527851966
24,1380262.3607757993
29,1638999.688432549
33,1879480.1546024468
27,1573513.7080646204
21,1279435.3851099107
32,1802129.7238920536
21,1247790.9197738457
26,1514982.4634387316
33,1854946.0577819292
23,1341255.692662778
38,2055784.8115603589
29,1628063.306278188
40,2182866.758900768
37,2043830.0413899426
30,1677210.7155370237
20,1226535.4920090958
21,1212484.317678457
26,1492645.534250488
29,1619721.5356651547
27,1565634.8045609563
24,1369320.7597546275
30,1721196.0884986273
32,1803917.8566993517
31,1739024.5141888093
21,1233860.6914395476
39,2121997.954435647
40,2184586.414806557
40,2229236.817187872
31,1738388.2867140297
30,1689915.798093993
18,1111453.034179808
39,2099781.422699057
20,1218444.9588234387
31,1755324.4596926912
27,1588069.3521725112
20,1205754.7094352865
29,1664719.2640744555
17,1059378.433036821
39,2131918.2166770184
29,1613441.8156256557
26,1520145.9813471623
33,1839265.238793134
29,1625128.3881492028
26,1525555.327271833
27,1583007.383356381
38,2128142.53051434
28,1620471.7329325
37,2021729.8280350363
27,1556215.5991365982
16,1002451.7713119849
33,1812519.6845013932
16,1008794.8279120636
19,1151818.5201695696
21,1242791.0069367941
27,1555135.1736007584
20,1255071.5443134666
19,1164639.2267677013
38,2100199.4077052246
19,1104593.0611561257
32,1794206.7090034913
35,1951780.2450735804
27,1545698.125772267
36,2010738.6094530453
36,1973573.0322934766
40,2182616.481825387
22,1303353.0292945341
19,1095665.2682320937
34,1897117.11682382
33,1845147.516549373
35,1928907.515773325
26,1493921.3064695972
33,1847364.3635409016
22,1292843.9041976698
16,1003274.4451011603
26,1485676.722736547
29,1638075.7916665017
38,2117207.8717794116
35,1927815.2573279398
27,1521321.252519301
18,1094419.1526487314
22,1316380.601801181
16,971175.3333327196
32,1760800.9583348022
19,1173335.6632438048
40,2210644.653725298
27,1557706.1534142583
37,2024091.567980018
38,2119785.9399086693
25,1470854.3222786537
39,2175817.829052788
16,1015291.2334405837
29,1663902.8485503593
26,1532083.642402922
18,1119156.1851099716
26,1502525.6227447514
33,1844934.7134897462
28,1608497.7039180296
16,980882.3482394415
27,1565175.9246299632
36,2008136.5570965835
27,1555512.7356465815
30,1668611.2221189148
35,1994439.8457836905
23,1357404.4437237834
28,1630526.0639997288
19,1130812.5054151623
23,1355286.76936756
26,1511359.4891764866
39,2117280.6529259128
28,1610185.107275979
26,1478186.8005126142
19,1127718.428095999
29,1662407.0273040566
20,1206699.5218045774
17,1036162.2641797287
21,1245005.1509917905
36,2000322.1014627453
24,1394714.458117329
22,1292029.414008486
22,1352584.7423578245
32,1788823.1606614375
29,1618419.7340485952
16,966310.7177091532
19,1177020.9461126863
16,982254.1657567836
36,1999152.9412368578
20,1153084.235149932
34,1888523.615934141
28,1599185.0728436562
24,1401057.026197379
39,2105344.693228461
35,1976189.6068093344
19,1179250.3466523995
31,1748571.1451201134
37,2078214.0680637732
35,1953944.677548141
22,1271032.1325373033
31,1759938.6303135972
33,1823458.83915277
27,1556637.0745355983
34,1909491.6850587905
19,1138793.984462037
40,2214757.4518126417
36,1992544.2857757362
26,1509480.6866114864
27,1531635.3307518915
21,1223067.7725427628
30,1705759.4998742829
38,2059932.617411996
27,1517075.3262206004
18,1097861.7074473049
29,1661637.2986890841
37,2015643.954851562
37,2049953.1722362607
34,1907628.466340841
23,1341533.6090200697
21,1281315.7709847796
38,2098349.645283688
20,1191393.6407505556
28,1604230.6507883104
23,1344769.229772485
26,1526277.7305193688
22,1299746.0639476096
21,1214560.2094750286
34,1883242.3681092667
27,1533273.9716008815
32,1778296.4125977885
21,1231903.9983252254
31,1767195.2812959217
18,1104502.334540768
18,1092904.7265528904
40,2176574.117100199
31,1750481.1540612637
35,1944031.0214901979
23,1343437.143357067
23,1349565.830802246
34,1935493.706831749
33,1834847.7943422343
27,1529541.0014363858
39,2184137.1584833465
35,1967837.9515101418
17,1051423.9123747898
27,1556239.9672363792
30,1688295.7299587962
17,1030707.0515426683
23,1354102.8937461805
39,2151513.717407319
26,1489418.4659707318
34,1895843.5562255925
38,2077769.6869005081
29,1638225.6378769407
34,1931620.9736774375
40,2178811.93446016
40,2199396.302857083
18,1105308.4809127923
33,1833328.082338602
20,1202678.694875173
31,1744770.3077352515
33,1883273.2739390915
30,1721555.0955911349
29,1670847.1213145056
21,1248653.146943817
26,1501621.6336882315
22,1258328.8569078792
24,1409582.4843592618
36,1989011.459604492
16,974954.2352220638
19,1145349.3360110654
27,1563524.508928052
19,1141658.5239569186
21,1281948.9661212882
36,1997589.4211984454
39,2140305.9593609693
24,1371534.8235129297
28,1587487.8136287662
19,1163446.8369764325
35,1978622.660300585
27,1563699.0911331002
26,1481856.3376879788
37,2052998.843924405
22,1296775.5122059193
17,1068039.6259035184
18,1113587.0835673264
18,1119849.532271661
17,1060841.858886911
28,1624178.3190454314
34,1931575.8547969973
23,1356232.495113492
23,1414825.1815395358
21,1277026.9417750498
16,994111.7015888336
19,1172130.786371849
19,1151475.9362769485
21,1238259.512178659
17,1045205.724429384
35,1986810.3182448517
26,1502562.1224987088
17,1065198.828307617
23,1328163.1076614368
38,2085896.1758214135
18,1111210.5655054569
21,1233675.615467589
23,1377648.9386375044
39,2117611.5251313043
35,1936338.4878558198
19,1164878.0374742898
32,1799319.4799463386
21,1256179.8111634979
19,1169403.2294681196
30,1690945.9504140161
40,2221857.4323618542
20,1211731.6467466697
26,1487675.6550804887
23,1342628.7289934754
38,2098793.714937725
24,1441300.485154017
32,1803539.5552817096
16,975253.2970984001
23,1364229.273031351
37,2034368.2423554962
17,1057281.0047499556
16,1029746.0134546239
20,1192712.9666022474
19,1158460.719494608
38,2116763.7821085076
35,1988472.5444084543
30,1698288.5464042274
40,2207743.2355823275
18,1062111.0770416572
34,1893071.2032248732
27,1533663.0419524908
29,1629214.4874153687
39,2128930.908443805
30,1670509.237385457
21,1254547.5997719683
31,1765280.952796495
36,1995794.8449645315
26,1487433.6002922317
18,1116636.6290419276
29,1657119.0936050361
22,1262830.2412451804
21,1269719.7866011704
36,2011080.7243942905
31,1735150.6087915285
36,2044635.7229098477
33,1825927.995702091
38,2119746.461880539
26,1456057.2273752831
17,1044240.0621800175
26,1535616.6109752285
38,2086961.8182396037
31,1760402.2446484559
28,1590699.5981765804
21,1280942.5255908554
25,1456607.7551131197
29,1621123.6763553915
31,1705955.4910185267
24,1398700.3803801904
38,2098539.29620411
33,1857346.8288288736
38,2096772.9459126177
40,2211175.9570428464
36,2001119.4050715752
35,1951312.2455443437
23,1357031.4156592493
22,1285621.0593626087
25,1446402.8551141345
31,1793004.3842884547
24,1426554.4078636186
21,1231426.9043615535
21,1250557.6208300004
16,1002173.9780003014
38,2094791.765728552
27,1538707.0706757621
38,2074296.3581509024
17,1049452.7901991105
29,1649102.8762236938
33,1814838.5867999278
19,1175743.4048501619
24,1393298.5776007494
23,1360755.7633374617
28,1568960.2769374782
23,1326082.4274345692
16,993974.9765415755
29,1623281.6538121714
25,1436957.9525641378
18,1096756.9915804944
28,1601348.2053903053
34,1899045.6596365913
33,1835802.6134509314
29,1654064.0067620128
40,2231253.165728546
33,1843938.3912895368
36,2018491.5071319037
29,1659104.0544927428
27,1575585.2398996623
19,1138995.5649712642
24,1397997.6096612683
22,1316041.717484373
16,994492.5534048568
39,2135352.8743797075
39,2180699.6640227893
19,1118572.675043778
39,2188580.349147666
36,1988629.8391098338
21,1289854.8560167064
25,1458904.2542049403
40,2210997.8505312405
18,1125108.1542097328
30,1686697.8365594412
19,1135314.8868644708
31,1760669.4302522785
25,1435524.8265044892
18,1103914.1225504542
32,1795162.2893672178
18,1119090.1991124202
31,1766097.3269708215
21,1271336.4586037504
21,1246787.5771975846
19,1154161.5095294858
30,1688862.629495058
26,1495895.3565612526
19,1140926.9190750886
37,2030815.9819964785
37,2044754.3475796788
40,2179132.9963276535
21,1215583.736830259
27,1544880.9999079208
21,1252117.2030634228
17,1095038.149003929
20,1211404.3368808872
40,2217153.2299033212
37,2054174.9673562783
38,2100083.182775623
27,1589651.9407097262
17,1028621.5762618141
39,2178591.2479509567
25,1453271.1602279053
27,1521592.1228689223
23,1348205.1772254135
28,1596869.228445698
38,2119170.2571811494
36,1990975.261434989
19,1177610.8438154568
29,1643834.8817730984
35,1937431.2479763574
30,1703975.4135497743
21,1252183.7545261073
19,1171656.839948274
29,1606815.0317317352
28,1587447.2436672156
26,1471385.2548479892
32,1770554.5876833263
18,1078021.508688189
36,2029604.5973794262
20,1196432.971309782
20,1207342.887537724
16,1006553.6737405588
31,1729637.0012999412
26,1470373.3987849972
24,1388275.9864684206
31,1765914.421617611
20,1221643.946611986
18,1111807.4308811093
40,2211905.270228835
27,1564070.3752710808
29,1657559.3115104705
36,2018473.0831073783
29,1665618.6315621838
39,2126137.279285795
27,1564366.9592266167
39,2171733.896268696
37,2020210.1219533782
38,2085875.8738501957
21,1270562.3819195223
35,1952069.143297874
40,2191032.8707985478
29,1657142.8384885774
38,2100795.219185526
35,1954148.1297080233
21,1240434.457239836
28,1622698.2086475438
31,1774316.5871949417
35,1950293.463343382
20,1208695.7525242933
29,1660117.9412000582
31,1744936.189092112
27,1550837.0895156495
25,1447185.9522663138
23,1357160.0486838825
19,1172936.2606327152
19,1110931.9094854125
39,2147197.29743144
38,2081933.4001648827
22,1320281.7824941953
33,1828366.0056463415
30,1666363.8848674465
32,1789082.3283239428
28,1577964.604358723
27,1548231.3624711544
29,1641766.4777532187
24,1384477.714196055
33,1824067.478584301
20,1179008.503469301
34,1925772.613633517
28,1612273.5995870891
34,1918739.3308382868
19,1120314.2042492698
22,1318362.9245041567
24,1424709.571949283
25,1441040.8692949929
33,1836521.926228614
26,1515610.82218993
32,1769889.0005989978
21,1230212.8988977575
21,1204536.4473975776
16,965769.2124963355
39,2146950.495013168
37,2052239.1848288875
36,1977175.6950887835
40,2165172.858631237
37,2067093.4617298262
30,1689444.8844418137
38,2099836.4838615335
40,2184037.0859042713
35,1981721.659834424
39,2130630.621520566
40,2169882.157127002
32,1800487.8613972568
32,1832526.7140443136
23,1339422.4794170822
38,2113287.55785893
32,1825042.1084901718
36,2031399.9078676228
34,1926746.8645135232
32,1793515.4550014962
35,1959231.0783592255
21,1281854.5691203913
25,1495483.700606368
22,1301863.9515943176
22,1302015.6345790047
34,1931314.4112772378
27,1585507.5858820663
22,1267954.50545298
32,1790105.3570535493
22,1272317.5314598293
24,1403926.979281241
24,1363401.3967534124
33,1839113.564154545
18,1093703.6789968505
27,1521741.4620667987
40,2151576.4428522163
24,1380491.5495924533
19,1170175.8707848426
19,1157400.993665309
30,1693966.384477383
33,1832377.6883359912
19,1138602.131162937
39,2149511.2753026737
35,1929802.2912785562
30,1709247.049213421
21,1257032.0889084593
39,2160524.3729590466
19,1139259.2613333212
26,1480733.3585906092
32,1812968.5786162808
30,1680139.2259371055
19,1121466.1315740445
31,1760946.311182426
37,2052046.2066761772
16,982015.7950530834
18,1115874.6465945956
24,1388573.078842643
21,1228822.1961376942
20,1166187.75193848
39,2143233.9356512004
36,1995944.5285847066
30,1677825.014671948
16,996933.9256932364
29,1612879.5862022643
34,1900053.5425501978
20,1203882.7253189501
29,1647683.441992662
29,1650997.3768800294
24,1366292.562703666
36,1962333.4319754636
20,1199803.7835638914
40,2176284.255727647
17,1053685.104448091
26,1515261.4076030753
30,1722609.5568557514
36,2013262.2476213146
27,1537572.4678390499
17,989965.4431622132
18,1082090.381790426
29,1645616.795204445
18,1092815.8661669572
23,1351499.6243597968
38,2123919.6835676352
35,1947497.0882257768
34,1893445.1516666648
39,2164522.5811223113
38,2100009.4997273306
17,1029901.0512159942
34,1895684.8875330435
23,1340210.1117748595
17,1051955.1776264862
18,1089386.662205218
30,1708779.5776720366
27,1534102.560180739
34,1883669.5232654929
24,1395682.4040254415
29,1650376.501931621
33,1871908.275852299
24,1398072.3637288304
35,1952004.1607463215
34,1900707.4122869489
40,2242364.196248604
27,1543858.5588229499
40,2176817.9682764686
30,1728781.5016697245
40,2197482.8611459886
31,1753795.131223253
23,1344526.1551644928
26,1488826.7154591293
34,1912449.8524647981
33,1881971.412356228
21,1272861.5117701131
16,992526.8944322653
34,1919821.33381663
22,1296392.5549494338
38,2101386.3150188224
18,1063042.5976038917
37,2014188.979610962
28,1639724.4313452647
33,1852679.7460371593
25,1453874.189322703
23,1311353.8808728165
33,1893843.6500431257
17,1030629.2919901605
37,2066785.7071798733
32,1800458.6070113522
39,2154782.697246641
24,1430264.3744289877
28,1594935.425947651
39,2136578.1821456477
19,1166235.288936555
40,2208485.898491247
20,1215243.9320587362
31,1763443.0995640142
33,1859723.1062015276
39,2127125.684440514
22,1334273.484783366
17,1071522.2453343605
40,2173290.8629928026
36,2010748.5954027816
37,2053773.5229671905
24,1409153.379559007
22,1310686.2825654396
37,2062445.9061211676
17,1080381.6735346576
26,1524034.600620791
29,1695790.0123069151
34,1902403.6768551953
28,1619888.5593947312
39,2150515.4038739
22,1295031.5358405793
24,1390979.9754110642
23,1338548.6669675752
23,1327017.1642493114
37,2043691.3870555423
39,2160463.988945395
30,1730345.3036411407
31,1773853.4446683133
32,1787488.472692304
19,1167359.5986869652
16,987064.8216704086
36,1986334.6818361895
22,1343610.591220864
24,1379463.59726453
27,1584569.3077760988
26,1525123.1498746355
40,2171158.1400538026
26,1504607.3603827944
38,2115473.8378219754
20,1170868.3576998564
31,1762710.8914248447
27,1553109.2848873828
36,1990574.112419392
38,2120742.6987735056
33,1850294.0365055888
40,2177636.94343786
32,1768592.0185727864
16,1003720.3424486951
20,1171948.7035236356
34,1862577.5947435119
25,1449484.5840874896
24,1405519.6441483
20,1206140.07247251
31,1772023.850667584
35,1953687.8747517725
37,2061077.8511751792
19,1173587.2462538616
32,1845870.1064665173
17,1027856.6480450691
18,1106878.1512498024
29,1663070.0264307703
24,1377388.670864873
16,1008420.266049211
38,2092797.2387284597
23,1345925.6443879409
19,1154884.8348646115
22,1309329.8563349901
21,1264938.1723543361
39,2132981.1355237686
25,1419215.7103828192
34,1909572.786333196
19,1137283.9488690475
27,1542786.0154964572
19,1139209.2071324748
34,1940443.9011385115
39,2163215.4441283187
27,1580754.1120159428
33,1841064.0518772225
39,2162124.604117687
19,1174565.8231386626
34,1913241.5427339165
20,1186027.351706751
21,1249433.7332869547
17,1056157.3166946196
20,1190250.5577039686
26,1544830.4977827268
22,1302959.169308496
32,1802409.1123682258
33,1839424.83802968
22,1310363.6976556901
31,1733819.8895017672
21,1263463.4734431272
20,1214555.7230062038
22,1314527.9302639791
38,2098344.3180060466
27,1592481.5517235787
32,1809315.6984743604
16,999940.0071305892
24,1431705.2242837057
31,1752020.2527932376
19,1153259.2424264997
27,1546728.4519595536
35,1951696.1674569962
32,1828252.1580127247
19,1128373.8708720752
31,1759235.6691940576
26,1455441.352083666
18,1089790.8426594303
20,1200238.5906639313
21,1207522.501602233
30,1696651.5174635812
34,1915726.4733658317
34,1921132.1969808321
19,1130168.993748506
37,2064438.0556774235
38,2099084.7587011373
37,2017414.3439417162
18,1073978.3112878823
18,1106493.633064577
32,1770595.6875580505
17,1055211.1374500906
30,1658029.5645018662
22,1315448.2029582022
32,1830932.9436663454
34,1910643.523196903
32,1768481.5328362617
35,1977463.498357773
32,1809438.2000898244
26,1518081.2989860051
33,1839961.8900819714
23,1325739.323883027
40,2190928.968453888
39,2123113.8575294875
40,2203197.5344260465
36,2008542.4183369623
28,1593653.2577046566
22,1301425.2943115714
38,2092953.9670657974
34,1939089.818239229
38,2080220.5740723908
24,1390561.431284165
36,1975436.5391089893
19,1145883.4129103844
39,2190451.788093298
34,1929418.4890501061
40,2219093.8501211256
29,1653296.4726141195
17,1051921.142782349
17,1055739.9038617525
34,1869905.185231824
33,1849400.7790320176
21,1220996.4125957948
26,1508513.2762527354
39,2158948.4142240477
25,1435296.0712367536
25,1443598.450991235
19,1153761.4806859808
23,1353251.8196183012
27,1563538.1252979564
40,2210797.6997449845
18,1096270.598467631
39,2126564.8329623346
28,1573271.7982429604
27,1507204.2202449364
34,1910736.3491319574
39,2148043.874880917
22,1292192.7135080067
29,1660873.7478206605
34,1874886.7958740885
20,1235415.9544345513
31,1743635.8705573482
21,1260537.331713998
16,1056001.7187182866
18,1127698.138752905
23,1344955.6028348359
26,1539725.2936097905
25,1440250.465625587
27,1556725.9842801811
29,1607959.2032802035
16,993684.5364967522
30,1731837.5927164322
18,1065131.1267926206
22,1278288.59530169
31,1750827.3232736175
35,1973974.9187230894
26,1527086.0093101123
21,1207527.2508191413
25,1481854.2746756556
35,1982338.1839750803
19,1127753.3617043728
37,2045368.414421239
28,1567293.4573690172
38,2085385.2723073438
39,2170361.9729495873
28,1582926.9591041259
22,1295501.5942498802
38,2127601.8538975925
22,1297705.0858799983
34,1897377.942880894
28,1581968.1305560938
30,1687927.4057871047
23,1344809.6628567388
38,2135979.955536895
38,2093559.5474272373
19,1128628.3585463527
31,1765342.4966403511
19,1143061.403902836
34,1903946.6026189204
22,1297424.8284854067
36,2028539.4832732873
37,2054838.1679002973
24,1402634.8772067518
29,1652866.023372954
29,1656950.1861986618
35,1951579.859352168
33,1852216.4704861382
24,1387415.6950471168
17,1082924.2040091674
21,1223557.322038334
16,979116.2194626029
36,1967622.6941343963
20,1210627.6681694111
31,1735141.5846418194
31,1791036.2551187791
33,1874663.0985263267
27,1531061.4868788624
30,1690599.8256196931
22,1303968.3114981472
25,1417303.3260074486
33,1852595.646449237
28,1575687.2774080264
37,2048827.9527277984
30,1700110.816855836
31,1733460.6831290612
16,1023794.2000529921
28,1613605.0800860547
29,1685441.9796685884
37,2051077.2193463168
17,1042779.6313054742
21,1222589.9586989123
35,1957011.7577372636
29,1659764.0927946714
23,1366753.3173375595
28,1616043.3526288047
40,2201304.942559597
23,1321469.738422524
16,1004752.6773408338
27,1546864.1641860849
27,1551047.3264638027
34,1897832.463120917
31,1786274.7214062945
33,1852181.9608890398
30,1672956.7188589785
29,1664085.66040799
29,1673097.7062145136
39,2144781.3075320935
23,1360185.2998584982
24,1406628.642080731
22,1276325.5734446943
25,1449735.5284830288
20,1204464.7587234967
31,1754146.7793922564
36,1998869.821052194
34,1897194.324245188
17,1059090.6374373762
30,1688959.4746368115
39,2139847.9082184876
30,1689751.9956279632
30,1698860.6175836278
17,1054511.6361341274
25,1431758.4297962042
18,1107177.0307276193
36,1997207.8020306844
24,1409089.0997699813
24,1392270.5425456618
21,1256643.6993359085
40,2205067.958344424
28,1595519.7095295677
25,1423385.3512627848
32,1788450.4262754242
29,1673586.756194384
29,1652784.5984331921
35,1962616.0186684895
28,1585697.1814303424
17,1063689.9680573728
25,1469781.2924275107
28,1588327.793202335
20,1164354.518451855
31,1738274.9428544845
20,1208900.1312228201
21,1248186.3831078429
24,1367296.2372293908
39,2148159.1492275796
36,2043454.1324723985
30,1657736.9910509293
24,1390742.2164914955
39,2149238.7975311596
27,1550786.260246055
39,2147015.3382964004
39,2138136.8698532386
37,2068731.8759771087
38,2090922.8028329164
31,1749782.725066036
32,1806641.9895627997
27,1560913.8068624202
28,1590155.662936488
37,2066870.246881203
37,2048076.4700344775
31,1733463.9792453798
31,1738513.1178304555
37,2053135.163257614
26,1488866.6328217983
19,1171810.1552164487
19,1151859.4508564495
26,1485522.5469034547
29,1661448.3116512639
19,1166787.9343419983
19,1178346.667668687
22,1274031.3606180695
19,1143045.5620964752
37,2064206.1830393316
39,2126364.3684469517
26,1503995.3866931158
22,1283523.4246818698
35,1916782.6624839583
32,1812289.397346089
35,1985815.9217722209
32,1796064.6402236493
17,1039541.7532994278
28,1594668.2127273078
23,1381902.2771759478
22,1299972.378395433
19,1144942.4306109922
18,1078757.8578248578
34,1922080.4777156336
34,1928149.9674789666
30,1730587.0690821363
29,1670528.5136109444
39,2160096.2686080816
23,1361016.8040089621
36,1973152.913250676
35,1965181.0113104442
31,1786798.761799837
18,1129420.1582697942
40,2204247.330559759
31,1749859.0691892903
40,2183719.794102425
40,2196160.6851507504
30,1709813.19190828
20,1184556.838221822
19,1157161.6008895861
30,1705662.845190094
32,1785399.4622441388
31,1727217.515615232
24,1390345.251113533
30,1667176.2953955117
27,1561083.2297016436
36,1983686.2741967326
29,1666630.9390014969
40,2199611.9842860033
37,2034597.4383471862
30,1661441.1384408288
19,1150330.1035240062
37,2082365.9177911477
23,1334089.8364558117
30,1687613.653507536
32,1803712.2701538196
31,1735737.1099790847
24,1390337.0685007777
39,2135225.617262911
23,1341072.6968994313
20,1212997.5594698514
31,1764327.764817001
24,1415393.7303324544
18,1079915.3094773958
32,1775442.9973897317
23,1364314.5456214955
20,1165220.2554560017
20,1195656.480106718
19,1183487.1848037364
25,1446041.0473612996
34,1928476.3769388883
39,2160469.455102941
40,2213990.196129175
34,1908441.9053109034
19,1158490.2426886267
21,1238693.4842822049
37,2028332.9208379472
29,1658266.5324697099
31,1754760.7875823276
20,1203075.953610724
20,1211124.7826994655
22,1321802.6800895145
18,1086516.0196360403
19,1149551.5138346043
32,1813459.7484832895
27,1556163.5017745018
26,1466260.6752278293
37,1991580.0937060614
17,1046422.3718046655
30,1699857.7249739324
35,1948811.1207009023
24,1423011.6955398605
40,2212014.903257695
35,1953102.9625645287
27,1574184.3078536892
26,1497536.394084822
38,2100178.637462214
32,1801591.7248966547
33,1835457.4737171214
25,1460879.7922864524
39,2115838.2458917336
25,1460193.0152641255
34,1893467.9240680682
36,2009951.5654938838
35,1968401.7902866367
18,1122951.609293966
29,1679560.6358865392
27,1558097.4457343814
29,1645397.2761377674
38,2089693.5354292432
39,2137457.642313366
29,1666842.3229233054
26,1484629.0842041718
35,1971710.722663624
20,1181753.6375089276
31,1688343.8971410238
33,1830346.280512763
21,1230856.943443837
27,1537489.7651652757
37,2037661.7780376337
24,1383491.2369562243
22,1313251.963008505
33,1882123.9832003298
18,1104297.197777896
21,1251483.3235321203
39,2160394.489920678
26,1474368.389821692
20,1205247.2071720604
39,2114630.1626888188
26,1514127.8590336468
16,1011017.2881138447
25,1440835.8025156101
18,1087032.8317275015
22,1298595.6806945314
26,1489168.4827641144
18,1101142.552269071
28,1588003.178500134
23,1326906.3867299014
19,1151643.687041355
31,1735844.0427366258
30,1704609.7928685972
29,1651036.8977732006
21,1253758.451878303
25,1458338.0247816767
24,1391773.315354594
36,2047502.3629254987
16,971339.1046006264
20,1203746.3104626234
26,1522937.035103001
17,1083479.489905421
38,2113174.4057403416
20,1198749.216084905
25,1461178.9457444965
27,1579501.120944619
19,1145868.01478865
25,1397397.3328668298
39,2146446.9054096076
34,1947153.9846005274
25,1467841.0978753965
39,2134643.2697487357
30,1719474.8058686266
32,1775788.2966972028
16,993469.9560621895
24,1417963.4358101457
19,1167084.85970637
20,1224429.4440041515
26,1457438.950614039
37,2098727.892760696
24,1397323.2953179493
40,2166575.312294408
18,1121514.1124965278
27,1556187.9557509723
20,1207818.6110368827
33,1909166.693387163
17,1046928.9935565992
19,1150601.3920822716
34,1879416.1631345786
29,1630949.2666740862
23,1331316.86275516
23,1386928.7970182288
26,1535381.6665154025
25,1429839.701267926
25,1456412.2945437003
29,1631505.315249998
32,1762322.5007612568
17,1044635.3360093347
25,1457032.519980467
34,1900684.202366656
16,969632.2406026479
36,2016195.6952055644
23,1344831.9908906375
21,1221465.9311000104
23,1401438.6029048334
40,2200646.3094237517
22,1269166.7731083476
20,1164585.279420471
39,2123378.0596192162
17,1070588.5915212776
34,1865546.822621882
38,2069972.429490464
39,2130513.461267662
31,1754400.1661146018
35,1964046.055740427
30,1678447.4368580084
23,1358046.3078271323
18,1066171.1180459629
39,2150978.496493603
39,2159044.6149829184
18,1108794.1477682928
37,2061428.984510327
26,1497987.7247466973
32,1824420.3852075988
38,2077839.1890710767
28,1572564.4888441807
36,1982193.913682254
35,1966946.2408361165
34,1911497.8383582786
21,1282856.3533569693
24,1390748.4230542583
30,1680938.4926954005
18,1112400.3442818716
39,2163837.2804467413
38,2087697.7298214934
35,1910545.9155161232
40,2185829.7702636216
24,1413119.973103242
23,1368293.0476814788
29,1636713.23640854
32,1821233.2634616217
24,1369715.8823331802
18,1105873.1858230343
23,1363466.5833211497
27,1565662.730705449
21,1231387.9289062098
22,1311052.0236070924
32,1793110.6564585036
36,2035375.745173973
32,1799852.1740430656
16,1037652.9804530543
31,1761442.403031626
18,1113191.9482118858
27,1536746.1887810025
27,1541739.3734997108
19,1182192.6740461818
34,1886279.0628568116
31,1741596.9017449897
29,1651315.4335037533
33,1839792.696898859
20,1208823.5281816225
26,1538102.9854409765
39,2160697.8422360574
34,1903406.7754161358
37,2075810.628904392
40,2194273.731864264
27,1588760.9619417298
24,1398194.2004930004
17,1058007.8880009146
35,1959222.9278271967
17,1025496.3148533769
28,1608653.1230515938
23,1338712.567123487
34,1866155.1679694315
33,1877689.2576963967
26,1496067.4460325488
35,1959596.0464010315
24,1394865.3214715829
17,1088253.6930990706
22,1295304.0121177116
38,2081285.336016313
39,2177448.863611285
17,1012596.9076691649
26,1517643.9527988636
27,1541259.4538478
26,1499817.4801305474
33,1849157.0637257462
29,1651916.150223118
16,1001335.2824294578
34,1900211.5041105815
26,1488250.9806958176
39,2125093.6898189974
23,1379563.4688884662
21,1260788.7704127328
30,1683150.3591486255
16,1012930.5149171898
23,1345297.817031837
29,1641714.8595169033
32,1791620.5536716455
22,1272755.0104026508
20,1177318.6272115335
33,1854011.382771337
17,1082361.0168210568
37,2062022.0788804004
26,1470847.0528603054
21,1257762.7384661636
30,1699600.887109357
36,2039240.1132768448
21,1225296.7205564904
31,1720069.855444122
40,2179796.846525774
39,2106968.735304529
22,1322073.7334190297
32,1799118.2972578441
39,2201290.266365855
31,1760878.1440518282
39,2134688.2417342337
25,1431596.9129725695
19,1139475.8872241173
37,2041176.845061091
35,1931826.331177793
31,1774967.7715199615
16,999799.4829602644
38,2093419.4260639334
23,1336740.679060605
28,1627662.2908213849
26,1464000.690673711
33,1864907.7461768643
37,2026800.211206135
25,1480932.2282152714
19,1160408.4149860078
18,1101630.6055846298
23,1356372.5313561049
27,1547365.1294857606
26,1512285.359360505
34,1872433.9652789384
25,1478821.5355648003
39,2129779.9241257017
17,1043254.2598431609
34,1890750.8412393117
26,1487798.9726160476
28,1576869.6239900084
37,2058163.8093884035
34,1902501.1238222378
30,1693777.011390413
19,1171543.0682086449
34,1948606.0620546655
35,1959188.1110668418
19,1151212.7379518056
20,1166732.0517531352
21,1252601.0150438729
33,1896523.8427262856
40,2191559.1913098744
25,1440302.0001444232
32,1780149.3438500562
22,1270250.5761323848
19,1172300.5924876141
28,1599916.4241317469
23,1331938.7164441275
19,1165054.4260972198
35,1968301.4150833618
27,1514159.3428823235
36,1989890.50036007
27,1536747.6969965198
38,2096434.1595602175
39,2139730.0749760387
20,1214639.1745862423
18,1072277.854459581
22,1267933.8206627164
37,2023473.026639013
40,2225883.206478343
26,1527650.4128481646
36,1979177.570652148
29,1651284.261439226
29,1657348.5169173563
17,1082284.9218874979
16,992315.5429990604
30,1716759.654211046
30,1686742.9555572658
39,2123357.651411803
30,1683518.6166080022
26,1543627.5158775707
19,1174783.1999684088
36,2002692.388726452
36,1999130.9873098214
37,2074814.6649828241
17,1063107.1020289802
20,1198470.2845810626
36,2027214.3777508182
22,1306161.9306902816
28,1571286.5874340953
24,1359772.4027783736
18,1088059.964829579
30,1672712.1725258138
27,1544909.9789318678
35,1942516.8681122158
39,2150370.3683054666
28,1616732.0240089318
30,1646548.248355612
30,1679885.1352821004
24,1405620.1851097362
40,2220376.224864135
28,1590779.5209667578
34,1932088.1999207071
40,2198687.0691028084
33,1819172.4479507247
23,1369243.290862925
34,1893425.9474972805
30,1696433.4488640802
39,2134834.47194154
35,1959704.2389529059
20,1212252.8767071483
23,1339856.167137383
16,1027440.3434606616
24,1421480.7417597524
23,1325165.2437569727
36,1986825.9966764853
21,1256243.4723770306
40,2191951.382441967
27,1518046.8521554233
22,1308925.0152811971
17,1053619.1991484226
26,1527968.873007673
25,1501813.71672123
26,1502755.0738455425
29,1655801.0018332752
37,2052917.2086164942
37,2039670.0716418235
30,1682187.8340598482
20,1162221.0514591467
35,1957450.3599374047
31,1752261.4472367296
27,1567667.9913786484
38,2112431.455448388
34,1912710.11936306
33,1861806.2218911059
34,1874905.0504337165
36,1999546.1694012254
37,2039284.9563083225
31,1757032.083780534
36,1973655.6972080648
26,1504472.2981287942
32,1784644.0888053712
36,2011387.381734842
37,2048762.335297452
24,1412739.1072617392
39,2173045.849834998
19,1141300.830017277
27,1549329.7441867937
29,1696556.106728532
22,1315369.6747468119
34,1866578.818303231
36,1968768.0590974693
28,1568740.3829672183
31,1750346.9203606711
39,2132528.121310648
23,1364372.8447062136
36,1989935.6587144295
22,1296697.5487332141
17,1013791.0859128338
26,1526098.2203568865
22,1310601.1839154225
20,1190345.3604551884
30,1703282.9472015286
21,1252921.9157146479
28,1605789.745308225
24,1460533.0318339013
18,1153045.8337597388
39,2141897.8965653884
16,984508.7006835426
40,2190364.9070527083
36,1968723.9299958865
28,1599853.677346101
31,1782454.616612713
29,1639855.3584363088
30,1673180.9723912838
36,2017369.446430024
20,1214129.7551159428
30,1696690.4689314482
40,2220640.2619535886
21,1247213.8979568852
39,2167033.597464581
31,1746272.4587208643
36,2031039.4129015396
20,1205225.2877505838
30,1717981.870132451
25,1432135.7998960456
39,2122846.134513724
16,991591.5856997482
31,1725825.165904787
16,988822.2575423671
31,1736285.8675785405
16,1036511.5228585699
39,2153343.065751697
32,1812514.8908617918
36,2011358.0862698907
30,1731405.0174722373
40,2181156.380060814
16,1007651.413761815
21,1262741.64200578
34,1931825.239396004
16,957398.5471248296
22,1287986.0674446132
34,1888510.6609928932
23,1311893.924608704
40,2180141.752522054
29,1647146.8377347142
31,1710242.483407973
21,1240744.6923066655
20,1197707.7528199935
25,1457909.0652659312
24,1412271.7103202275
38,2099343.8338044
16,978058.6992226288
34,1904009.354421525
20,1181326.584311642
17,1025574.8279433926
27,1546779.1943840783
25,1438725.3889364148
26,1491812.6614064833
17,1020914.1440696198
27,1551245.7241698122
40,2231692.003796071
35,1918994.9715942943
18,1076487.8998337865
18,1114416.4619337046
37,2058614.3851293996
35,1945322.2361579207
22,1316841.013377897
23,1324724.9936118696
26,1532685.6768734378
28,1573681.9643275198
21,1235049.573432725
39,2176181.218965588
30,1714441.42385082
23,1362638.1933311585
28,1591086.4088789357
28,1601303.3813272847
31,1791560.3008726602
19,1146859.9537445584
19,1142510.3622102838
25,1475943.861813875
28,1634222.0312072574
40,2177968.624391104
38,2094057.1052553973
24,1374386.2549731787
27,1532444.8786894286
20,1193503.1360925627
17,1045147.752403719
33,1870979.585311115
32,1813225.5021776608
39,2095873.2494115983
20,1195761.7028017817
33,1899460.3160784694
40,2177234.7203144957
40,2197710.8997936337
35,1916068.626088488
40,2152641.575622776
22,1300597.944161352
29,1650449.6059230748
31,1749947.0573750779
34,1909390.7273403166
23,1354672.5270248863
37,2039832.0722526638
26,1486588.1469617533
24,1408969.4762014647
40,2184534.070379773
34,1885097.3836553863
26,1483166.8073779282
34,1877464.0328448012
40,2198392.0321218823
38,2123257.1260663266
39,2164314.046813181
16,1000093.377911521
29,1664260.9513040907
39,2160516.303983097
39,2135732.95104597
30,1702867.4034015902
27,1544094.390545599
29,1642756.1773189004
36,1983135.193508249
37,2037186.9018299514
40,2239506.8623569105
32,1804865.7093061078
18,1082700.8101183318
16,987151.6917221656
37,2071349.6643252922
25,1438827.2842189467
25,1450025.924130622
34,1938570.8530793367
40,2200063.15445477
22,1295783.4057328766
30,1714922.006690898
38,2102789.4467170006
33,1863993.4655070573
36,2021686.740138389
23,1354860.3512269638
19,1139182.046194744
40,2228228.1161295883
32,1784512.9619822362
21,1266510.5081475815
34,1917063.5231656802
26,1537017.0726858254
22,1299916.2848873648
23,1361291.6822663317
26,1500366.1334586276
28,1577107.8844590227
21,1234967.4924670719
32,1788888.6560714697
23,1344753.70948838
29,1667943.8883606612
24,1386956.7992552612
19,1138533.3229806568
27,1567531.631654655
29,1678334.5371197618
29,1661070.810099422
40,2218305.367732931
40,2184716.6448423155
38,2101981.8601704384
26,1513486.7614769295
29,1660554.959839988
31,1751589.921261829
16,976313.9331140331
31,1756435.82738097
19,1154943.142081554
17,1041187.2769122721
26,1472078.0160738623
37,1984734.6659495195
20,1207542.6496862206
40,2147157.9508288894
25,1449181.6767645322
22,1319322.9606199735
19,1138085.934491732
35,1914263.0469882844
17,1040855.0958971782
19,1129039.5623745276
33,1856093.3899824366
26,1536032.85208693
16,1015296.0854345318
24,1392244.282480601
16,979334.3754532649
18,1065001.347055931
28,1580931.0501987918
23,1339352.4430140154
30,1676271.0404361489
16,986000.4463112154
38,2081675.2999784255
18,1086504.8652015382
24,1381976.286987806
34,1898348.1707650968
26,1498852.6676070557
36,1998184.7611305646
27,1557413.686859823
31,1775159.468774359
38,2095582.3358689828
19,1146195.541633538
27,1543344.8660334025
23,1324142.595419785
30,1684582.6765580925
30,1722498.656714093
34,1870655.1601302647
17,1081721.110641928
30,1692605.6594952797
19,1129716.8061571957
34,1892184.5811573337
23,1395429.3188361127
24,1419422.496769051
16,1006074.8500490265
28,1595321.2008464322
23,1330768.6921775634
31,1771841.1405025262
25,1435894.889965621
34,1922015.9035260242
39,2130980.2176226773
36,1965418.577065155
24,1366471.7359507952
40,2215055.6887472873
40,2210566.4064655774
30,1690303.679550033
18,1099591.5644036755
33,1856833.8177191634
16,981539.9791909516
23,1340881.8515965068
24,1381556.3217057984
18,1107826.2720085469
28,1555790.9397256016
25,1456896.634189541
24,1400941.1044180705
34,1897945.721066502
29,1669170.225075602
35,1975593.7603134234
22,1298597.1809652569
37,2006887.862428329
27,1563806.8032273836
32,1803794.5235839728
16,1003502.9883477155
24,1416462.819387346
18,1109675.087555301
36,1993471.7477976622
38,2112826.0742951464
23,1353228.116895401
25,1402799.2296267394
17,1038745.0433736604
28,1579252.0178906631
28,1616386.8184034887
33,1858500.4518799074
27,1539581.9687667354
37,2075509.57971549
39,2145600.1816457324
37,2057601.3779015841
25,1444786.136157551
36,1985531.5945666148
26,1497955.2854407572
22,1325386.5063607567
28,1602996.5539707139
26,1495379.368232508
27,1553862.1960290966
27,1554640.741513614
40,2160662.1549824392
21,1272083.6676433939
34,1903198.2247863503
31,1721877.020483687
38,2103880.3489898797
31,1761131.1825618665
38,2096672.2747080775
16,955135.0946779548
38,2079669.7875618662
17,1047648.5348400816
39,2138623.746598343
34,1919803.2240021063
33,1841387.492996304
31,1748936.2969656584
18,1110010.8385875968
29,1647325.1183538772
18,1105960.7942973385
33,1857936.3625396225
23,1382488.773665828
21,1288547.9550798752
17,1040406.3804659148
26,1485259.8107223061
39,2135147.093209614
38,2095173.8863463346
26,1496039.336031222
36,2015410.044277116
39,2159127.563707589
35,1916774.5619445373
19,1125699.0094585225
27,1543339.8721861648
37,2044041.8337142938
21,1262994.376628113
17,1032844.7445774317
34,1922417.7532612227
27,1536648.2659830765
38,2096556.2967740975
38,2103693.044152617
33,1822672.5590403005
38,2081574.043677402
24,1408698.3935903988
24,1406759.2838734477
40,2223833.428712493
21,1212892.929828955
22,1317723.0190596655
19,1157656.914177303
23,1368294.2342763653
31,1771252.947280636
34,1952039.4815631688
24,1410132.1181935892
29,1619466.0876895606
35,1955202.708152027
27,1555416.2831376202
37,2027999.7969250109
22,1304168.3572372757
32,1795753.2358958146
40,2202041.8124977616
26,1507233.7543067771
35,1969127.8053268394
23,1334698.3460728037
19,1157625.439958675
23,1349302.7349182903
32,1787348.879273054
40,2241109.5371723725
40,2209297.426116934
21,1230073.8721744807
21,1237413.107788712
40,2193520.1792493765
35,1975295.5969410008
36,1998122.2298822298
34,1896104.7954653862
29,1639196.9289185505
27,1547952.3703990243
38,2114956.9038980873
22,1317936.5514779857
38,2128798.862782013
20,1209353.5675461423
17,1051939.9235427647
24,1372656.805990031
36,2011270.6442139482
29,1676707.6539540025
31,1751922.543787846
39,2174675.8081562715
20,1195824.0358715416
28,1595955.1982110587
22,1301581.9964109163
36,2013907.1340195558
29,1666149.744680459
28,1600254.867304081
30,1694825.409148696
27,1542698.0404797848
31,1742997.2645205073
18,1094826.1404151628
33,1830752.6201035187
19,1136553.4879970436
19,1142805.015636248
28,1604834.224447664
27,1550144.2492566728
32,1841950.2122808914
18,1117947.2291804005
18,1098050.8174897311
20,1180479.7442950527
19,1173016.7949830412
20,1199841.7801975054
37,2044279.2507552577
31,1717897.3359708316
37,2043442.1787473757
29,1636371.5538823751
24,1376855.7239396623
29,1676726.5229095626
35,1927568.6787744467
32,1821146.5808597172
37,2076162.881870121
39,2141992.9126181905
39,2178208.3593723266
17,1018405.6260561115
25,1474515.1289744724
23,1364805.6866730582
17,1045113.3321745265
21,1254098.7864730714
39,2143720.855003275
26,1497128.5470672366
26,1486595.5781345211
40,2182881.751076162
35,1932848.651412238
35,1957569.3387858598
24,1395872.5514334193
26,1514501.5556629775
35,1958006.0681299737
31,1729930.4118099182
18,1076256.0520206527
37,2035042.8234510617
37,2057962.6335401665
39,2159308.0565462317
22,1287538.6186008623
30,1697527.0540364203
28,1615792.9534957837
31,1765347.0510931017
36,1998046.2143825463
29,1633400.5444604044
35,1938291.7955636096
17,1066494.8549309594
40,2196385.063837702
36,1992116.2971376597
20,1184984.0345341591
40,2225318.871682972
18,1099049.660556006
17,1041721.189304466
32,1803046.0074509464
36,1991441.6340418113
23,1299441.408428138
35,1946760.1028802432
20,1206867.3801146965
17,1037887.2049668333
30,1698809.1738733957
36,1965693.4954708244
20,1205563.8005872474
40,2177844.4110383205
21,1256989.1377825968
25,1452925.3383899971
40,2159430.611623369
29,1640455.8674211027
27,1551393.787581222
21,1250703.0115878102
19,1174611.159518634
24,1397162.180028577
25,1441979.1236516181
36,2045749.000013063
26,1488197.7909568513
23,1350785.736431411
22,1294213.3002349404
23,1380828.2007616821
35,1956872.0452471941
30,1715921.0123497266
19,1162292.8809616365
24,1366780.1622198597
17,1049046.4463677225
37,2083606.1421195667
27,1565056.0364588355
22,1337376.6634630212
16,1009840.123475767
37,2025049.8102787875
34,1912747.0948133809
23,1339299.4109138325
18,1074580.9432518887
36,1971211.0492659875
26,1463836.168433469
39,2159594.6503104502
34,1924699.1511940823
18,1068550.4917241312
16,1001691.004328289
29,1620192.2724763188
18,1126091.8417135666
34,1913304.3548816985
37,2080502.3821976455
22,1312173.6482582758
35,1930861.113020218
27,1545230.6512532223
25,1435168.0398694722
24,1397117.316984675
22,1321276.2335325102
29,1655459.464882485
17,1081315.4095090884
25,1445383.8826902397
33,1850724.0394132526
24,1379014.0632817238
40,2216794.1987311994
19,1170446.4999043297
26,1500710.043309466
22,1323153.5032056146
36,2004873.0545002832
40,2157488.033509387
24,1399347.459549822
40,2211510.577038266
40,2228675.6790901157
27,1531917.5718591579
17,1029408.2219398593
29,1662290.039610574
36,2025145.5780226882
25,1445073.6714538676
22,1340607.459815182
25,1455661.9783869858
29,1618689.4554506312
21,1235675.6176977747
39,2133935.973527815
39,2196241.331024059
29,1650683.1588708158
26,1488318.5372182748
30,1695025.713414988
28,1584120.2114433616
28,1598566.7188952635
19,1141376.8151038894
17,1059671.9863052105
27,1516666.5612836923
17,1033151.7793560644
21,1263396.4684183288
36,2009386.8193242839
28,1622146.0731820783
26,1528133.4841792195
18,1076165.5511382655
32,1760211.2315055213
33,1842070.6823590698
39,2122367.3735212986
33,1861019.6457189133
17,1005615.5635731168
23,1324784.0140555864
32,1772428.0468641075
23,1328346.965517545
29,1672587.3524625672
25,1450156.4958849892
22,1308090.5494969143
23,1360531.1450098716
39,2158368.9873796985
24,1385160.5881132868
17,1032078.2238444844
32,1812783.2533177964
27,1578331.7745898885
26,1501515.496560377
28,1579402.2404764981
17,1051265.4050968247
29,1646715.2843522625
25,1466141.9423130993
30,1681781.8557160008
35,1929389.689952248
39,2199785.0833804673
32,1818977.9096216701
20,1195810.2134407545
26,1475286.5283837009
36,1992796.5027109815
24,1404242.3438613995
34,1888071.7318317813
24,1422884.9251629123
27,1556141.058140913
27,1572451.197402987
27,1548103.10786143
31,1749658.8835221904
23,1353881.8325900636
35,1945301.4114350346
25,1441330.8934044426
31,1712565.9702720114
32,1760591.3359239316
18,1101740.217082515
38,2112414.256784571
36,2012595.6364857056
26,1495553.8366987985
33,1877019.8187755693
24,1416001.3730589342
33,1851521.8895784502
19,1130306.9483001526
18,1105461.882112631
35,1953178.3057167146
27,1569828.7218663502
24,1393322.2237697707
19,1174984.5906744024
26,1471572.4451345
40,2168315.6732225628
22,1321943.7214831247
28,1595308.0698057795
37,2047625.4537819927
26,1519875.3421011255
37,2086225.3536311823
38,2141623.3548859493
34,1900602.6205850327
39,2162318.9987429613
40,2209089.172458869
33,1861711.575395458
35,1918792.650521138
29,1657824.4832681348
40,2185849.534079921
30,1694307.9342502973
17,1053293.7523963943
35,1937999.8945057776
27,1545148.956719634
37,2061836.0203786201
36,2021010.67299813
30,1693262.3815320968
20,1213820.7480555666
19,1125830.5040819154
35,1959417.0898882705
28,1608259.8568034552
28,1605891.2568765562
21,1244556.2220113743
19,1151695.6657280163
28,1586158.2768674325
33,1885267.2163546009
36,2001276.141848275
19,1172535.2961652207
31,1757965.205085402
40,2163286.026191458
17,1051504.0481966946
36,2031463.580577466
27,1555842.385208923
40,2207711.1761109694
36,1996090.2961315347
17,1022934.6221457894
38,2085319.5106155633
29,1659882.1364745449
21,1249418.907275491
21,1234258.082781014
30,1688815.9505254857
33,1825784.528449498
17,1049448.4537279336
38,2127999.9157181354
33,1840132.2906293357
29,1668759.9789010682
29,1641396.1999977618
38,2134374.803194982
29,1667681.127018806
39,2130700.566838247
16,973597.30700045
24,1373216.9005052084
18,1105472.5454906921
28,1606110.6201751283
36,2006599.8033095018
38,2094382.3308178445
36,2003229.5886062477
27,1546403.2142619719
19,1179954.8775626726
22,1304642.8757728718
27,1553505.7041728785
35,1963412.2862101283
18,1111740.2801030874
36,2062012.9439366588
25,1487142.5470588622
27,1561232.175014992
20,1166074.1097478564
34,1878701.6756355811
33,1825912.661029319
24,1402360.7766731414
35,1968012.9416571087
36,2001143.1967200364
36,2023181.9288818836
39,2150688.1499197106
21,1263924.1492367217
40,2167939.998369431
29,1627712.2069389857
31,1777634.6812731163
37,2056028.2441627223
17,1061799.2169072581
20,1191837.8247664426
24,1407463.0494690482
23,1345047.7393375116
22,1329719.131089517
20,1202360.1950625824
19,1172548.0545412917
20,1211214.8480012484
39,2141148.1952402126
32,1795590.5083482736
33,1875007.19649034
37,2056177.0111660752
31,1753525.5407145638
23,1346276.9238509173
31,1745775.1344077743
17,1062305.090406659
24,1375285.1833800436
31,1716199.9646410774
40,2204142.2686022967
27,1557688.5887523931
16,982882.3215932733
24,1383140.8026830822
17,1021421.2366610767
29,1619318.8023355708
33,1853796.7278870496
27,1536548.43831921
33,1874078.1852411325
25,1438495.6345915843
37,2060904.844088569
35,1962561.8365633031
39,2144705.391622128
30,1708034.9655960957
37,2087249.8434410475
29,1633372.686024054
23,1343169.723712372
28,1603369.9758953124
40,2202670.0644441345
34,1941869.7330754162
31,1773087.7579928886
30,1686278.067145184
24,1370708.4097989968
23,1299756.8418773725
34,1928926.2979586783
31,1751979.6244520547
37,2065672.101885946
33,1846352.7808139443
34,1904841.2616275947
29,1679395.0787597003
30,1696960.314704104
16,1023330.9341149442
34,1889070.7877094275
21,1286165.9818898744
40,2171696.66453035
35,1937367.537601161
23,1262217.7083027032
18,1091482.425327342
22,1307955.089521507
27,1571854.8263291325
30,1697658.4667783713
34,1836094.266308784
26,1530064.0282806137
16,1010675.5254771701
34,1912415.948782948
30,1711316.2314417365
22,1309171.4337636193
22,1297932.0920965236
17,1039270.7371176253
34,1913734.9470832336
18,1095908.1405072678
18,1088641.037060045
28,1591497.1572803245
31,1746208.238747718
38,2081352.734632181
33,1847435.7972699394
30,1675919.661723279
35,1929759.4199816692
18,1092519.7760251944
35,1942950.9889555913
34,1896824.4701238656
25,1451514.5671613682
34,1896541.3377432015
35,1941342.8677712737
16,1022043.3127983907
36,1997050.2722001558
19,1134192.2269263556
26,1499072.9259483847
25,1459906.2008341486
32,1819171.881615547
29,1646435.9811427395
29,1652710.58926406
27,1568034.1016264472
26,1509350.9958395085
34,1910933.266536998
22,1298734.3814216643
32,1791788.801723312
30,1677389.7200698964
21,1259606.1563444838
25,1445851.4352660638
20,1182376.3758102776
18,1081514.6863585692
27,1521061.089571488
30,1699104.847175284
23,1339359.037261312
32,1823549.2350587067
26,1491139.6318652022
36,1981299.514517769
26,1474974.3873295463
26,1482171.6906485045
36,2028338.888315813
39,2133971.224404896
20,1216044.4478431027
20,1213655.350246158
18,1099331.197742609
26,1509596.7807380443
34,1865115.9974523196
17,1024100.6604305113
29,1635539.8491455358
32,1811489.7387829022
40,2216957.0325260023
21,1255834.2201818821
39,2122721.070566751
32,1792283.7487781432
29,1672049.330287361
33,1852820.735711471
21,1292092.6519722594
23,1354511.9930111635
34,1917667.0327551758
40,2180581.215538472
31,1755297.1901811224
34,1883428.799297191
24,1406376.860802809
25,1425834.5152114788
16,1018668.3760836633
19,1172646.3188509468
20,1194227.70242461
19,1169306.8422448556
23,1353044.3629859283
19,1139939.949745625
34,1919766.7548242304
29,1642646.0075750735
25,1445722.3860443584
16,978580.9952275013
18,1083722.7358829651
29,1635289.8858471392
30,1706762.1184301267
35,1942433.2393095219
20,1232605.5210145672
33,1854874.3172741563
39,2165650.363613448
18,1118081.7791978745
26,1472158.06967512
39,2147449.830819037
17,1009416.7256234348
28,1587865.0231470487
40,2221663.6582969036
34,1885483.6661053356
21,1244619.4567937695
20,1194798.4692109
20,1204910.4716199008
28,1608304.7984512325
25,1456956.1736434516
19,1150190.1946752623
34,1909150.490865618
18,1077361.5109870855
35,1921275.211633743
24,1413244.2676381278
20,1219053.5117012055
29,1646191.764859799
28,1605653.175804598
17,1069493.7827655724
27,1548839.2294418842
23,1340736.6359095008
23,1334345.321768054
20,1210290.6505074892
30,1676071.2077210601
26,1502840.6205800227
33,1871303.567232449
18,1103492.236950024
22,1274819.3491869355
17,1033384.3934001281
34,1908466.089684182
39,2123110.0595148564
32,1789443.8170728022
31,1698009.3100325952
36,2009747.780382847
34,1911993.177484407
28,1611521.390071228
17,1046959.098388783
23,1354881.2045196353
39,2162158.790674789
20,1184820.302720138
29,1643765.041821909
24,1376384.1993435998
34,1846972.710402372
19,1128506.1259661647
33,1876641.6145185574
40,2211862.790610879
38,2098940.8267267393
28,1619397.9538731081
33,1840489.7500322443
35,1968021.5768047532
27,1514094.5375329636
25,1460253.1306472756
23,1356896.3415577956
28,1580676.2925585513
36,1962717.959356957
16,1023857.0542990542
23,1375583.2980593066
39,2153700.720947306
32,1794428.084543876
28,1607042.2413343033
23,1362227.0884051642
38,2077727.2568869798
26,1486733.0111667109
38,2102903.3356079403
24,1389686.1178211088
17,1049137.1931186111
22,1317343.6362822403
27,1571824.1018117233
36,1996715.5239212993
27,1536788.2626964622
27,1559203.3404139096
21,1189644.190915688
36,2025421.4374172029
24,1382583.454712775
33,1859589.3760838178
23,1352356.7215103526
18,1101027.7334087237
19,1164870.0320485914
37,2034298.9427239783
17,1071679.3248772619
31,1744312.963667909
36,1988896.565513005
19,1163480.464046324
26,1485890.3870193928
25,1430683.7536163162
37,2045150.7720535249
20,1223273.8871325203
40,2224394.0091411187
17,1051707.0443523668
39,2146816.0753082326
40,2173023.2735916637
38,2095575.4869869784
29,1671289.4092163835
25,1484308.4219559846
17,1030360.5538876869
39,2190365.3108758437
32,1821246.2477054426
34,1890052.8653924912
27,1538998.6178137232
26,1498006.2094022506
17,1079263.47000417
35,1952964.4619236696
35,1956341.4090493768
32,1828886.8740418686
19,1170523.1256154443
24,1426137.024473447
24,1400395.0084611871
20,1160095.3674576655
34,1894506.5067150812
28,1592922.959582603
30,1691902.873353163
33,1877195.9162260948
33,1855666.6475871385
30,1691590.5958391463
19,1133620.3294389853
24,1403996.4939330318
21,1264613.1321162423
29,1659738.9552099362
37,2101406.439618892
32,1788074.8256595056
21,1242637.269322123
35,1969767.2335050704
21,1266974.193478806
31,1756291.9000406228
24,1396775.4113763839
17,1046188.7537108599
33,1829176.2565739253
38,2103704.9757207213
40,2240896.464969533
39,2116729.4405193203
29,1612521.0438571349
28,1584867.1020186758
17,1062926.1886677272
27,1541374.090441525
38,2086355.124077339
18,1109678.8210733065
20,1179763.9605917616
16,974246.3066044876
26,1505923.3916925748
28,1617606.1390418513
39,2160543.6508126385
26,1515348.9841748886
19,1154793.173931179
27,1519978.8113275697
34,1925344.2521315473
29,1650828.5002010388
35,1921637.7053283995
17,1056270.7916321133
34,1884097.893950405
18,1083563.862001708
18,1096314.2836549475
34,1920920.6466510273
20,1206044.2692715998
28,1590236.2387592725
20,1195864.556728962
28,1573759.999708444
31,1742871.953194976
37,2065238.744729636
30,1685245.4847708757
33,1827756.9418784769
38,2122528.7373600863
40,2198061.6286074147
16,995177.961880597
35,1938729.954417103
19,1148451.2226473559
32,1797561.4336666602
30,1681496.7855510556
24,1391784.1897519892
20,1204895.1761916024
27,1534992.4938334704
21,1252885.8829343605
24,1421548.8072450585
37,2032602.593548784
17,1042872.5388686716
22,1315613.6217985156
32,1827146.751679996
30,1706863.8151158271
19,1146555.597238118
40,2242763.489409704
26,1477727.9433677024
17,1055745.9368816514
35,1954648.5522812302
27,1569969.35809246
33,1822766.955609912
24,1423893.8493011405
31,1746304.7925894738
18,1114827.330618618
20,1198186.8364852564
34,1885246.43644431
36,2020719.7894677185
25,1436364.056172543
37,2069201.419278432
18,1120433.7557387098
20,1194544.7590465792
30,1721438.0591236532
33,1859440.8016617685
32,1809973.16819242
38,2088571.0085814346
18,1125318.6725311363
24,1397575.7039055277
40,2200628.1357515967
18,1118181.230156102
23,1341810.6889497526
22,1329792.7618158124
21,1256029.7186066809
40,2180103.855257105
30,1687755.0758605637
31,1708659.7234239662
35,1959980.017945939
39,2110690.032559893
37,2076720.971945174
18,1120561.3603992064
18,1089064.4315547156
23,1351052.2415182276
34,1905589.2822334068
40,2231410.87201438
31,1749684.4215925408
35,1952219.8729014252
36,1989098.1631126844
16,992911.0400804743
23,1380249.668933288
35,1954657.6355703245
28,1579555.133317148
17,1082971.4944594773
33,1813206.9002039507
32,1801539.287665039
28,1640799.2832014393
33,1882951.0321788313
37,2038959.8869437196
21,1232104.920252638
17,1058650.6109953783
18,1100701.3902700278
23,1340127.7403177784
34,1864837.9482471058
37,2050400.3380436702
29,1659874.454289205
24,1434670.4607688421
35,1945764.3673273174
24,1403158.1582303974
36,2003916.3677576291
31,1768527.534956665
38,2065189.144719544
29,1662094.998078796
16,991150.5893959999
25,1502221.5245681852
18,1117880.4880618053
39,2158417.5803934475
31,1726455.6577345314
22,1288224.529592486
25,1441799.0076527232
39,2126628.5700028627
18,1111586.7654084177
20,1214779.7889407328
23,1352899.3874061566
20,1232384.6960678627
38,2060414.9504663243
31,1755630.4721018586
38,2112382.359700275
20,1213776.1576909893
24,1400834.4722654116
22,1292842.750058735
33,1825078.106602364
38,2111551.546368353
39,2128839.191972414
38,2100615.0509706982
34,1902917.439565652
37,2050147.6994826065
33,1823757.8093828375
22,1311864.3876140823
30,1688450.499581582
34,1879922.7483276497
22,1298063.9747037971
22,1301139.82503325
38,2101998.513132038
26,1519055.9404623061
23,1373176.0172126803
25,1487755.9648991083
23,1380011.492887099
26,1521401.472207409
21,1255675.1800870495
26,1507344.0584310498
18,1127415.9312152767
39,2178137.9514197176
21,1303915.0356559784
23,1331192.553951286
31,1747617.4993256733
16,998570.4301267602
34,1885509.9961611016
30,1714543.3849936055
26,1534147.2402734312
29,1646806.5583435504
38,2084189.7058694742
18,1108269.5908811144
32,1787593.6113495668
35,1909483.4648167724
29,1652598.6225799
16,1008322.1429656743
16,1047947.5317919541
28,1622968.1549497468
37,2036628.24285105
38,2102155.2417735266
27,1547812.5898479782
40,2200477.2884237915
20,1234559.1891590822
35,1965167.084670888
19,1133970.4119851396
39,2153023.144633581
26,1528526.5395380007
38,2131723.790155703
40,2203731.8828901607
26,1503248.1210168544
28,1588480.1219553244
25,1474985.0887618298
40,2224794.4592871037
37,2040004.17471688
33,1845274.4272903362
26,1516282.611308665
25,1439957.4974211904
20,1195603.5882153204
26,1491768.9661008497
23,1362890.281773644
25,1419850.3760044244
35,1916270.4658761972
24,1373774.0952991296
33,1830420.6994247253
27,1549487.2134023365
28,1580745.5008521215
25,1418929.6491550938
35,1949858.0047618172
26,1493690.230361626
31,1738209.601994689
36,1978810.2414328414
26,1500255.2495730706
29,1636452.7632858763
17,1074141.4577520096
29,1660900.685770694
33,1857909.1729759828
39,2118723.7061735615
20,1190585.52155497
39,2156620.39449607
29,1674110.8112896057
22,1298973.239949264
32,1812177.8103315406
36,1980130.2813038717
34,1894347.902970446
24,1436206.587595295
37,2023280.9539824575
25,1448548.2610538558
31,1745473.2913393574
31,1773483.9869128831
27,1570316.1888437173
40,2224294.429489956
28,1608634.483722682
18,1111328.0270531848
32,1800433.9634211983
20,1196099.9516901926
35,1946908.9621762615
40,2203323.3823951753
20,1226188.5260389103
31,1737378.0109991175
20,1161019.2286216414
27,1544538.0543208804
17,1057089.5790999092
40,2189327.315016813
32,1806458.1846080944
39,2145117.5445649475
26,1490009.1007563772
18,1031825.7584705662
37,2043659.4076042033
26,1460894.43337859
17,1031259.8314280849
24,1362434.2991527335
25,1457092.4232155005
22,1266747.4288610185
21,1258656.5380958687
16,948801.66867395
26,1522994.0756593565
27,1562175.795430585
18,1102733.9840665443
34,1893250.4719374676
18,1061003.9764869395
18,1098630.249307464
37,2058887.9572495886
18,1112472.841992233
21,1243005.4940137446
18,1112483.8622843472
31,1720224.7790913149
33,1831438.5074372843
16,996310.5242985457
21,1212866.1951362323
28,1612490.9685177673
22,1279279.959701728
22,1291783.0613980158
34,1907412.1621764856
27,1534165.8392240515
35,1943527.4951830301
21,1216368.6439527313
24,1407657.4227074294
23,1364804.4612721137
19,1159111.6087467317
22,1321843.7265766885
26,1463835.2488999197
39,2117763.834647971
27,1549103.422313396
26,1510084.6485976065
16,958987.3445928693
35,1944892.2717629147
30,1748420.9407257363
29,1654173.3179792797
27,1557022.8795409163
22,1295314.2859534528
38,2088671.162240064
39,2094560.8873874815
34,1869018.7196028777
16,1003158.6669766939
28,1588055.2467134732
30,1704212.554545032
34,1881705.6762929733
36,2004932.0628396508
32,1789142.1828029791
34,1898980.2564144481
37,2047801.6136518049
26,1484358.4425266327
23,1364244.626122641
19,1139437.78929223
17,1043080.9673966691
34,1931785.9738907567
28,1600144.3691345034
28,1579797.1289163015
34,1910590.235181734
37,2070890.1908654254
16,994388.5522389128
38,2131463.7081351853
30,1710328.285655088
35,1919832.5322533632
18,1150770.1112996854
29,1677697.810012052
36,1979327.2866896219
37,2035184.6679247092
28,1613376.2180095464
35,1953967.2452872042
28,1581532.3625167632
25,1469937.4314045263
33,1865909.1974974081
25,1506584.38324417
16,1016943.2298613901
28,1571443.3273417337
20,1166501.073700493
37,2059541.551818604
27,1586956.194228992
24,1418539.0083594124
19,1159838.6040271262
32,1796461.1223755733
26,1496035.8516380067
39,2136750.598027758
35,1988010.8051086823
37,2072119.8455025593
37,2078223.3434829856
20,1179953.8446669881
24,1347566.9215619164
38,2066363.0806218681
32,1811595.7090771238
36,2009684.518155058
26,1502053.7954190893
34,1899976.6002198625
33,1833710.1702427717
18,1126135.794992508
19,1141415.6509545592
38,2108220.453350852
27,1569604.6753744532
26,1478687.0653108703
23,1368888.2461295407
19,1129031.4471493096
29,1652414.2070835594
29,1631710.2145972913
35,1977754.4253934184
37,2027111.9237590022
23,1338347.9446620753
29,1666290.07642903
17,1063804.929537377
30,1693983.367573443
17,1074814.6065061905
23,1350634.5839707109
35,1966884.0238138577
36,1999197.5188439335
32,1777974.8635837752
21,1256694.8981378558
27,1524923.8296750973
32,1801963.0170911176
16,967896.4370558189
25,1458597.6314632297
31,1717501.8536660287
19,1144138.9759319623
32,1796798.4006184395
39,2134297.3705449067
34,1883043.3690455633
25,1418928.8547644035
24,1400780.9017112912
22,1319673.0719042178
24,1388438.8052025202
35,1950413.9196849272
39,2103265.1724728523
22,1285025.345723684
38,2086597.3851734542
23,1343546.509250819
35,1958544.3080091677
22,1297600.2566033143
40,2177421.51288014
30,1700405.1559869389
25,1439573.28335596
30,1678345.193722081
34,1889651.6408696102
16,1015534.0446741956
37,2027084.5032820096
35,1929562.7461634912
32,1781514.811783667
39,2143522.259505588
25,1437808.8429547274
27,1561302.5608101767
23,1344692.7325376926
28,1631194.5426500258
18,1073589.56013261
27,1596236.6225128565
24,1397661.479164427
23,1331410.4995587496
33,1902363.4684716084
25,1460983.8098846606
23,1326606.7120781296
37,2044712.686129732
39,2157946.5661652572
32,1812461.714670317
25,1439044.7274330626
37,2068240.526665277
31,1753525.7551779961
31,1738028.9853047933
23,1348659.8412706384
16,998805.0764207911
32,1772657.7223193154
32,1802048.4562143781
38,2109609.4352105153
37,2033126.1330444063
36,2034720.5029172036
34,1907277.7400764315
21,1251031.0912664991
29,1653328.9768789646
27,1533751.9768288692
31,1746135.7395848362
25,1470714.0176377925
32,1795687.7701010122
39,2134536.1108472245
27,1571803.3206738133
39,2131902.547800283
31,1761812.8615999375
19,1129989.4863168523
35,1954955.7011769377
19,1166775.8739673565
16,996084.5157578514
33,1838781.4199824193
22,1284302.0672198702
26,1512559.3082878676
30,1695181.6657654492
16,984899.9395460039
39,2141748.137001784
34,1905731.8709458786
35,1918918.4235795876
24,1397337.3625652613
25,1451516.091159185
36,1997403.4403830762
35,1949174.0536931888
27,1514099.937745933
22,1297628.7169405713
28,1591948.207944908
16,1011450.821222368
25,1437268.6134524033
37,2035540.3730679788
24,1399337.4788127597
32,1798760.6557393104
32,1792272.6008052123
16,1013938.3732490592
29,1636634.599893894
16,973932.6678016797
32,1803714.1607509528
19,1173359.166320247
34,1872062.5418143442
33,1860740.8506672138
38,2123098.116564854
38,2108587.250167866
17,1011276.2127948102
16,1028378.1209739061
38,2042791.2120501688
32,1808386.4141705176
39,2184597.4778915322
27,1535814.23618364
36,2009453.6618447723
37,2047837.9982296021
29,1665163.125235492
23,1350099.1339401815
20,1232634.4087221753
18,1081600.2029566285
36,2015894.3406461328
28,1604233.9751893962
21,1250488.8128333504
19,1149471.400905186
39,2145469.8950804044
23,1349968.5599106161
27,1550664.9303268932
33,1869401.171804152
32,1773541.2611419363
19,1157985.9294587118
35,1919482.8603453466
24,1390466.1319007112
37,2098224.880792794
37,2055234.921894344
26,1516749.5362581164
32,1774257.6568686445
18,1113831.8403521457
22,1279085.7986134328
23,1363579.9305148486
29,1636580.0077204728
29,1628010.76226439
18,1074245.3074619852
29,1643089.975546753
39,2138904.1464641667
16,1021246.0400226997
37,2067361.3299770234
26,1502549.1100967815
27,1552375.2759366725
19,1171568.4505284517
35,1952796.6819002996
25,1443731.060210778
24,1397855.7766209552
18,1102965.6921358318
38,2053363.7562592719
36,1963208.0901482757
36,2025671.9726021627
18,1065493.0705148196
20,1232818.1301098864
20,1174529.4134912302
37,2051704.9754271887
38,2121426.256887452
20,1180662.4781653874
32,1757174.9462353762
29,1611763.6968049698
16,975753.6514341609
34,1885196.5179141155
22,1291394.305563701
33,1860745.5202391231
17,1078744.8491569047
29,1649318.9860107445
16,1016993.4050489699
24,1442105.5019372134
24,1386808.8421271446
19,1155636.5924883722
21,1246772.018508069
27,1549494.114688701
25,1453632.649230567
26,1491795.5401162095
18,1083519.538162041
36,1975285.0804286809
17,1056580.8357562185
35,1950034.9262690067
27,1558535.37844435
19,1164912.5721384685
23,1327059.1219160254
21,1261455.312568379
28,1602987.1645539736
30,1702358.2533933206
32,1786083.5890467488
31,1742492.0986615955
22,1315731.9946932092
22,1295358.4384928325
23,1352492.0808549083
16,1018545.0101469178
19,1151184.517885691
26,1482409.359733693
40,2205531.0171488505
28,1646080.753677527
37,2027411.4399861805
19,1164933.5260781785
16,961279.9774183175
24,1420521.4394030706
16,1021236.4870403546
27,1529445.895926069
20,1191938.522779877
33,1870766.9600849866
19,1110081.8482776042
25,1440608.6697805524
19,1126519.8334795472
18,1082722.4725009045
37,2009837.0438839956
32,1773294.6505464404
33,1847534.3136354643
33,1836084.392207904
40,2187570.0192915536
31,1756412.0391270972
20,1228680.3656947904
30,1699020.2702387809
24,1339485.5019623484
36,1983843.5522937702
33,1868681.0058822434
37,2028494.7179707827
17,1084361.9999247964
40,2163255.953063716
40,2208277.779792286
32,1798410.0724861028
23,1336444.6059854236
28,1585361.2996824346
19,1151917.6591855013
33,1865542.5691855105
29,1641771.4622274747
27,1569555.8592709205
40,2205053.9297755524
38,2113568.0575059326
22,1309548.9920824922
17,1066228.3076335944
17,1054142.7583331417
28,1591996.135766055
39,2140371.19954219
18,1102198.9378429526
29,1646636.159095461
39,2138792.970151556
35,1936946.4402682548
21,1278361.4110824952
31,1766968.0211240759
24,1401064.108648978
23,1349761.7829822837
27,1552939.9881692517
18,1097949.8657817463
39,2146684.701666923
28,1619903.4816640066
25,1419178.5400699722
39,2172672.0471601197
17,1051855.7972528208
23,1352821.9076432427
29,1647770.0367071212
31,1749553.9619983237
37,2051821.7993357005
39,2143292.4509665305
24,1393851.4341816688
38,2100268.568308641
23,1364956.9870838635
38,2097854.3382065194
37,2034003.528569676
20,1181046.517233933
29,1637301.072290769
25,1441980.0304239523
16,991815.645857515
36,2009158.0186101582
40,2195647.058895286
22,1306769.6122737806
39,2121150.662983087
32,1781986.5803989605
37,2053181.3136605336
33,1858272.3977094921
21,1259141.2982835372
33,1844980.2235882329
31,1733978.1341532914
36,2008323.031145484
17,1032844.399960163
35,1921119.5086024054
35,1956702.7989856491
16,1020981.4083675449
34,1862664.0746447546
29,1649120.385404581
36,2013178.2116896175
25,1450855.3513061593
25,1485669.697403737
35,1977826.9079597297
40,2170907.122542838
20,1197252.9402616096
24,1431844.3027151811
17,1071018.25401576
38,2074431.8011992075
23,1345105.0565239345
34,1867383.2441377488
32,1794010.2821841678
28,1601457.3647565697
31,1739854.5952238194
22,1269183.3546324952
19,1127935.4647022095
27,1520938.8360730063
40,2204624.4841858903
37,2043941.4841218872
27,1543946.835979804
39,2151458.4978343425
40,2203439.774998524
38,2134746.9981356505
19,1140956.977685297
16,968051.4475766688
22,1287767.9020011118
32,1809189.1703193388
34,1892154.927637277
38,2090728.7872028865
23,1357266.1775933732
18,1096318.4423850537
28,1652222.053567757
22,1269987.8976635754
34,1893230.8850751617
32,1832761.310409843
23,1348075.8027621445
27,1542134.041059557
19,1133187.525856717
29,1670721.5590114957
20,1159019.1773961962
24,1427901.8307464158
16,1019146.3674982527
18,1092794.2776648381
40,2186299.584627211
25,1464666.3572920067
40,2220878.21992833
33,1838696.2394353822
16,991816.967005631
33,1837284.1091077114
40,2216104.8925945605
17,1054113.132811898
28,1581229.1090538152
30,1707378.5232185244
29,1623112.103934334
31,1765116.4300837675
38,2081570.344566379
36,1982515.2124469925
16,1010487.3632722169
18,1118755.830770501
38,2144986.253965417
40,2209423.0162666016
32,1770583.7237431137
37,2007889.2144358202
17,1027030.6005124998
25,1436680.9520848142
20,1180656.8296664741
26,1525053.8119408018
38,2122539.7250456223
28,1594249.2755843138
26,1471759.2097424096
34,1891270.3104326997
30,1702832.575476238
27,1520689.886876422
25,1429265.4630648263
34,1888272.7209987598
28,1561907.0242899212
22,1296572.9070824373
24,1439894.9283681822
25,1432806.8837439197
27,1534342.0456082674
39,2145879.526307681
18,1121687.067493357
16,1027277.7314870812
26,1532388.703161466
25,1461336.7600397854
26,1487609.587126258
23,1338053.0997214003
22,1304978.8602852132
37,2063781.2495803058
34,1907391.502807845
27,1592062.79066781
25,1462959.661273881
28,1587735.9012020135
26,1508995.3031873559
34,1886575.2837780495
33,1848696.7676371862
34,1904960.2702142845
25,1451705.3413048682
28,1601158.0381965388
37,2062806.0473533147
32,1811439.4003849411
33,1849643.0272341522
34,1909123.8527482862
39,2181825.3441132824
39,2101316.4140318297
16,998090.0385338072
25,1463473.3387557748
32,1774013.7670800984
22,1276195.5781169152
35,1930204.8842851836
35,1950475.693188677
29,1644376.8174518808
31,1727327.0029695875
36,1996437.9306636073
20,1225080.3847066558
19,1149315.299178329
16,1005688.1936996528
23,1370380.7865056056
39,2174605.169157594
37,2027681.3228281725
30,1710109.9208841654
27,1568533.4032955188
29,1672211.2548058555
22,1237610.5015226398
27,1558409.6402547199
35,1940019.4148997827
28,1578558.9645525264
33,1841887.1473497432
18,1117415.7519370387
38,2064763.660781276
27,1564534.6215464901
35,1957431.848322906
27,1527596.2782939784
34,1898877.2370918065
25,1478540.989164784
29,1616483.1645482047
36,1970097.119048466
38,2067802.9763333611
23,1352695.679556522
18,1102624.118917604
26,1501515.830999287
38,2096288.226435919
16,1016934.7248838213
39,2141666.5964264786
24,1414489.5090033042
23,1373237.3272172709
20,1187493.0841445695
18,1112423.9511890581
19,1149934.8335638773
35,1975522.2408189282
16,999352.1744643713
32,1788401.8834537615
20,1218076.0025880288
28,1612851.496998789
36,1984897.9748641725
16,950629.3975085673
19,1167494.8608670284
29,1628382.445004686
17,1038433.1475027691
22,1311907.7370795761
35,1945876.0195568479
40,2220532.0265900455
39,2157529.1031842036
35,1938603.791513544
39,2124650.8151632296
27,1539500.653042015
21,1267009.7440640382
35,1955895.177241106
36,2026326.9640240932
19,1175563.098547254
24,1398807.4473521917
32,1831403.9544117935
37,2061154.1928592736
16,993776.0151153682
31,1750050.3063291819
36,1994100.9960985458
40,2189018.4639730235
37,2086078.6096650574
26,1511395.9589741153
36,1985751.9025329568
34,1895933.8294298535
19,1185161.0939062692
25,1467187.9218098084
25,1452998.0659478123
24,1404576.2118387725
26,1506727.9253125775
21,1234763.772348807
19,1171545.3580743338
25,1466889.4940592754
31,1752156.5829488172
21,1250829.4507270346
29,1651013.3308035915
37,2064868.1368255652
18,1080292.4399186024
16,1016411.431960298
30,1703721.657873806
21,1257849.9787400323
30,1708625.5061463602
23,1380010.0622723578
21,1249766.5897334167
40,2234866.602559825
36,2018177.4176656893
18,1098832.6150946326
27,1538326.146450216
19,1147991.5258436431
20,1215848.022647808
21,1255258.1640526603
27,1588794.0030205525
39,2120785.493880561
36,1993689.5999750656
30,1696233.64512827
40,2212048.3877193816
40,2202768.690386997
29,1657840.6079611504
20,1152944.9538743685
35,1941292.880725584
17,1044635.6282591443
33,1837254.621749829
39,2160549.14618294
33,1825976.3975394682
27,1550734.5005652898
17,1075179.549911442
30,1684112.477202923
35,1957242.4995188538
36,2011123.5551146201
34,1903906.1617009114
18,1099541.0926074563
24,1390951.1932097457
25,1421813.3350906938
28,1547234.4384741778
37,2046377.4910149563
17,1060725.2522684238
34,1913631.7173807886
17,1048610.06090427
30,1676686.7732018856
37,2060619.8655636914
17,1062743.0483062097
18,1048639.4170538788
17,1044561.484995226
33,1864400.9482099463
40,2185470.607909423
23,1343109.6552260034
27,1571898.1672916966
38,2109993.2897790847
35,1930126.3016031466
18,1094143.6900202737
39,2138169.077625017
21,1265314.8375487318
16,1030940.3981411099
29,1649826.0325998233
26,1481290.9370807072
32,1791807.2834216862
40,2220034.184400297
29,1644444.0538816345
34,1905808.7103136708
25,1485307.1231298724
30,1686308.3262234428
25,1466919.6835951358
20,1204963.7056818432
29,1665608.2191645731
26,1524811.9309238615
35,1966897.6005246628
22,1311990.3398013152
26,1504064.2752458937
30,1701564.5762871366
23,1346915.063452078
33,1866913.5073690664
23,1337753.482213926
35,1931330.7928398699
33,1831917.4938688052
20,1209277.665994048
29,1643508.0620820597
36,1983543.3108495257
27,1543382.6719639113
40,2238363.2878925754
39,2165180.7428997005
20,1224397.4164830076
29,1657130.847565909
25,1445649.8158673942
20,1176058.9128915353
37,2031432.186864219
18,1126888.099441805
39,2139374.53636095
20,1198195.0882902083
18,1097579.0471467539
37,2038725.496982044
19,1138540.5706892125
34,1920720.905026292
33,1840841.9741172881
30,1684695.7591082396
21,1245300.9859245087
36,2009038.445667873
34,1915822.619343951
33,1855004.9795131793
39,2123069.415737317
19,1148802.912046083
39,2138028.826541906
16,989685.0683075166
17,1042615.7341706238
22,1279403.2770730203
23,1354207.3875997423
29,1645920.4620397503
30,1718544.5297137757
39,2163672.3503310187
23,1406462.3482253428
26,1495407.1951240432
39,2130495.2737649474
29,1648821.5075467548
39,2128037.9529382135
35,1946926.2386296499
40,2207189.7478942634
20,1203241.8361711768
40,2247155.9944674945
27,1558860.823485118
37,2065004.0224989264
36,2001096.1971964661
26,1539486.895533213
40,2176857.427028122
33,1841204.0830102118
26,1483679.8361307983
28,1575727.6726512152
40,2191171.0424596756
29,1671437.0545730975
20,1217217.9679259341
28,1606933.7631205122
26,1480705.588695172
36,2031748.586562823
23,1388418.0164417205
39,2156571.6868304727
35,1983671.1142447959
26,1496076.6366616597
32,1797089.7014104556
22,1308185.1349722573
24,1393251.478954556
27,1539214.8503675836
31,1794854.8144717955
19,1168151.91138618
20,1202466.1880888492
30,1716968.1289792568
28,1604297.523472208
32,1794840.9581351788
20,1179254.9810746876
19,1151561.1642852484
32,1803539.8281013598
40,2234431.538345938
31,1751526.1362169809
38,2117270.9101546234
17,1039149.5224015133
26,1493078.7059054587
17,1073160.8939331225
35,1960446.550857092
18,1076876.9176091577
16,1024664.3081303892
20,1204739.2932813624
36,2003553.027532426
17,1085155.3293336164
29,1656078.3604444927
37,2062934.4875469413
33,1873983.4093735442
24,1364226.8923185177
37,2074656.0737853772
19,1177218.0317495412
22,1262731.5370305423
39,2142232.857820976
37,2070459.7638215467
21,1270969.131111288
23,1361005.2614188027
34,1940347.2547445127
30,1687130.2458183374
27,1534728.0468474412
40,2208877.7326063346
26,1528178.3387024286
39,2178399.111589649
35,1943862.633748794
30,1664325.5022381088
20,1194704.5645819053
26,1509471.1079388047
40,2201128.297240517
17,1053682.9394582314
23,1362716.2652437754
23,1368993.598056327
34,1911750.1318047845
32,1802286.9821964118
20,1213672.5745895945
18,1114624.608037605
20,1184111.9320519902
29,1646385.8280721998
39,2160084.150370689
16,985024.8402476067
18,1087834.64850575
30,1703174.4450112497
34,1915229.3283037797
17,1025404.0935206723
23,1369282.6284697729
29,1670161.0052572119
29,1674011.079978146
33,1860414.4179740348
34,1915719.6995026667
28,1601452.5170693845
37,2049785.1085918262
39,2154003.1151017705
40,2166010.469064271
30,1725038.1042367192
33,1834758.1963336647
19,1128918.1961974052
20,1230242.8711624383
21,1267818.1962985892
16,1025376.6599020115
40,2196700.1649972964
29,1642401.9635178288
16,982134.2123078349
35,1942451.799371065
18,1114958.8445764377
37,2045150.0641584394
16,1010180.8393718698
28,1600034.875001156
28,1640720.364243423
36,1967075.3138433038
36,1988703.9329779514
35,1961245.9968945228
22,1292681.365459057
23,1272243.9131676068
23,1339370.861953864
16,1034228.4559786498
20,1193763.073063314
30,1717800.5431548636
21,1211755.1468896233
29,1621565.425171026
38,2090974.0865813324
34,1906935.7027317435
21,1237295.3193775534
18,1131152.7348803347
32,1817272.9600252921
18,1115753.386192286
19,1158443.8330028863
35,1960827.1167917196
24,1415947.2997839896
27,1541338.6758814605
36,2029835.294076136
32,1789213.1977491674
29,1643441.3033442455
25,1465346.7739544115
19,1136879.016191992
20,1195996.632618716
33,1847975.7288396817
27,1579391.4139152302
18,1086261.4300027657
25,1466838.9666506525
21,1247849.9969113856
19,1154958.4600903802
19,1120575.1193018619
26,1490709.1127599755
16,1012782.4471530676
35,1936547.07697621
40,2189166.914812022
18,1091638.507420377
23,1351464.4242093398
38,2066631.2801554292
40,2231277.1862770254
25,1431113.697319851
30,1695641.8296336755
32,1809905.4799917098
35,1943887.0623430726
37,2035183.125871423
36,1992350.3320346435
25,1507976.0122711905
22,1257516.8266496232
21,1245900.2521280174
38,2094302.5233392506
17,1040516.2676829052
17,1056453.5287307394
34,1889224.013347015
39,2172576.48925845
31,1771710.4653757294
20,1190041.898347302
40,2202151.5761913355
17,1040897.9357627729
29,1660319.8847536915
35,1955467.154879954
32,1820965.2875278161
28,1591853.7216539143
17,1015790.6390085345
29,1685526.3859608115
27,1544619.3903147867
26,1510848.8467571985
19,1158450.3507259586
38,2103800.498653632
21,1246870.893941495
35,1970256.183084072
33,1804556.323991283
38,2120439.373775642
34,1853000.5756951077
17,1087400.9701691242
27,1559510.0466630377
30,1724664.4033102144
36,2034159.2638682148
26,1489557.7903571161
37,2037534.3838481063
29,1664408.8795918592
27,1589409.7993096795
26,1512001.791105252
33,1847709.5522682178
18,1094668.3023075373
31,1735028.3425941668
30,1683386.0452679645
33,1870127.809552395
33,1853096.0617994932
20,1190597.7148846225
34,1879203.1179922854
28,1601135.9326524402
19,1146668.0338470077
40,2161252.297701941
31,1772017.159467626
39,2139235.168809228
38,2095862.578538112
39,2147611.18456913
36,1997270.525762433
37,2050741.672222997
27,1567116.5959621198
29,1676803.6513378243
36,2002708.5197049107
18,1086082.0422569993
18,1130387.7535129103
39,2158399.9350014
24,1355125.8333623663
18,1081803.571495209
31,1745267.8895110334
37,2074065.1644603359
17,1067357.5220013023
21,1248594.361559713
28,1585968.2298489
27,1569444.2500843997
27,1565346.8468539221
26,1519262.819463501
31,1757749.9169562892
24,1360647.216066162
30,1702189.9825112189
19,1138913.7457757366
17,1049884.6490763444
37,2046237.146297238
20,1187768.0838324176
37,2048163.0384954985
33,1852639.1460265848
31,1772505.354923753
18,1092695.7293032233
31,1787021.6843301363
24,1417252.3806359784
28,1610995.6052196438
34,1910632.3640160675
35,1949909.132864131
31,1747934.231699229
20,1209342.717558105
18,1078273.5888423705
34,1907290.313185457
16,1048549.4408867522
29,1636131.733376653
24,1435885.1120681753
19,1142914.0914179198
29,1620896.0516109404
20,1232450.2827617284
26,1507403.909141004
34,1924638.5664841575
17,1062828.6596946744
24,1400754.4579336448
28,1590724.347503564
25,1400802.9284001158
23,1341111.109524138
26,1494475.0322957202
22,1329723.0129172099
27,1564734.1775555995
23,1356636.430935534
35,1930261.615845098
32,1793886.4427739698
17,1059324.5024530296
31,1716302.7432898176
27,1579710.429772886
18,1056556.0372028882
36,1993126.9344715392
18,1115299.5674220964
22,1329808.8322820105
38,2115945.4512233855
29,1659972.7173450368
36,1971036.6495739468
27,1575628.701949133
27,1568629.9830955148
34,1877041.1743509078
20,1202464.664603031
26,1502424.810893541
31,1723278.7648988918
29,1641018.7674951083
28,1588580.5720962533
20,1229164.7799995532
18,1074615.9085727476
38,2126701.6167060146
24,1391037.4850059059
25,1425171.95243894
37,2052925.7909221703
34,1927182.6587030592
40,2215223.0109961266
32,1788801.284112769
34,1886753.0442264022
26,1473978.1100693739
17,1036947.4534586429
39,2192443.950085445
17,1047475.2598545348
39,2121946.186451938
32,1817799.7406513367
32,1795034.9293473565
39,2152065.4872441827
25,1450205.7345467496
29,1634861.7555139102
24,1430713.0516172755
19,1144719.9101546442
23,1358359.2855169899
21,1273234.695800294
16,1003166.0707418105
27,1514384.9560925607
16,993890.182246802
20,1190258.7592433782
33,1853601.0094280476
27,1524213.296051961
16,976939.6923613474
39,2126857.578916953
17,1053412.5416723816
30,1705423.3259367356
32,1776454.6687917144
23,1337766.2392763656
23,1396614.2137890053
36,2032653.9917093301
32,1786616.3403392278
19,1115505.1501413356
21,1242718.6081499308
19,1138654.4040102346
20,1183770.3502603995
38,2072736.9897282948
33,1810083.945450561
17,1039552.6728151741
22,1277435.785885885
39,2120511.4374399586
16,1016853.7440795453
25,1436945.0537783792
19,1154807.776450092
20,1224487.9295985755
33,1882480.5486269472
30,1705956.488849732
35,1951576.0448094488
28,1627333.5835743656
34,1924407.6538005387
28,1628178.9621316392
17,1076618.6751666295
40,2225852.448206787
26,1526794.700897972
28,1639987.545307402
29,1628511.7270177517
23,1351552.8115305435
30,1689638.4525351322
25,1461227.8488812333
37,2046240.1012383355
20,1196304.725599793
22,1316545.05302281
25,1435839.29434083
21,1234149.4265341396
18,1107639.2606696961
31,1740828.9848114818
37,2037512.4243085322
30,1665851.11550675
39,2138457.056448903
25,1457775.5677399524
20,1196099.0029759114
26,1488588.345962927
18,1096829.7521886704
28,1597214.85375619
36,2009235.1560984643
39,2188286.5081720757
17,1044944.8461893115
37,2041259.4648227978
35,1957757.5891378648
27,1537768.3987222365
28,1581799.222215977
30,1683958.0935387479
23,1355572.9413686155
31,1771287.4032483886
25,1477783.9861173076
40,2198913.0386973186
22,1332218.0187282874
40,2201219.530848673
18,1065460.6902884706
39,2157856.3705242984
23,1374473.2964070395
40,2176236.0262175933
18,1109288.9991499083
21,1248705.9983690095
26,1480489.4364197052
24,1440572.9167484918
30,1717948.3438986265
29,1643735.044293564
26,1520688.5877245408
35,1964071.2096523724
35,1972196.6152448007
23,1348786.1959813684
32,1796230.5317925287
19,1154128.5624597324
37,2032031.1906649184
28,1608768.1040676474
20,1163265.324623573
34,1905641.9543292485
29,1645679.6408938132
32,1807737.158687428
22,1285321.0241677214
21,1230766.1200249281
38,2100532.6836095247
34,1918286.0825245914
25,1443975.5561254737
23,1357657.901903234
16,1047352.5835836774
21,1279017.1335948631
33,1857029.2972316395
38,2092203.889771585
24,1398665.5372203432
40,2183140.0525854575
16,1039787.1911716323
40,2191763.209835037
31,1747555.2779738482
39,2173810.4940991127
27,1527026.6326818997
21,1266784.6188157646
37,2038120.8970450421
29,1643268.835697413
34,1867031.1110447738
24,1401399.1717882275
39,2176523.6992685916
36,1970244.201393833
16,1005772.515231329
34,1892100.0545740365
28,1601978.3095752622
19,1179252.846855528
35,1913638.4123279706
27,1552026.2638744265
23,1315937.0704890513
18,1126178.8631307292
24,1405917.825623785
39,2131766.752476625
25,1482275.01696478
21,1230618.950476204
26,1526662.3257785044
17,1036871.7416347824
30,1681711.0486682288
18,1116360.5550744755
32,1809592.3664729388
37,2036197.9018389573
23,1321260.6140506156
38,2137787.5909203473
33,1831884.0812687804
22,1307048.3875802008
34,1932268.8192045072
26,1530197.7250915421
38,2108065.0274119778
20,1209101.1971382643
19,1155451.0524594293
27,1534165.2638668057
34,1877884.5540956939
21,1215544.3375709131
39,2126924.3251895895
20,1155492.7362580404
16,999851.2730670882
23,1364140.814501938
33,1856351.8978166336
22,1296966.4675381342
37,2034555.6658844615
37,2053525.8524219291
33,1855172.5931379534
38,2089016.682834038
18,1115747.4033288858
22,1314124.9744351464
18,1096032.401148028
26,1495172.0507906664
16,1024549.0259361732
30,1715148.4763610077
36,2009179.6153773328
40,2189756.8031127737
34,1897648.1103229693
23,1377824.6567279748
27,1533029.4217146013
40,2228559.595382169
32,1798848.604751892
28,1617291.7039105531
31,1744628.441644892
33,1860453.0962172884
35,1940802.4436852597
34,1886138.364324017
28,1594141.8722856904
39,2155108.0622254284
20,1181345.5005262194
24,1402979.170824847
23,1361487.0856655848
39,2144838.0225404096
17,1050263.8731196288
40,2203617.268493097
30,1715006.3117863387
37,2030832.2465003147
29,1607035.8263932473
34,1889116.9617456282
35,1968025.5347911934
33,1861981.778923305
17,1070806.5246443958
22,1300448.1448197816
18,1106928.1625373801
32,1794732.4664910405
26,1519692.8297666654
36,2019815.234691357
35,1940630.9252849522
25,1478850.607880236
38,2124050.551352958
21,1263920.095732964
35,1950870.4494337148
23,1347323.4028448993
28,1647942.3342906362
30,1722753.2390320671
19,1121110.4131769422
20,1211403.0539989942
17,1041181.3447491421
19,1118294.9075478448
26,1449326.833390107
37,2076843.6458954643
36,1996343.0020538142
39,2163137.6702248077
19,1129558.2550804662
26,1492618.9402926245
20,1204951.139693776
38,2107841.242331675
33,1840919.3756894995
26,1503960.7832048147
17,1109181.811812862
23,1332718.2405204363
27,1551905.0479489493
33,1815453.709245959
29,1662956.6934619113
38,2079218.7211680221
20,1185847.251378014
37,2043046.2632968903
19,1157997.5136946714
20,1211327.1275814134
36,2011043.789708693
17,1072923.7875532974
40,2167874.5620210883
34,1930928.677923121
26,1502959.5198244825
27,1580769.3062805706
39,2196719.919078945
22,1307969.5964428005
33,1820973.755183578
36,1985921.8843114893
18,1088155.616721706
16,988495.6431973444
21,1252668.2616314164
26,1512562.9855551564
21,1268490.2053662818
36,1998806.6303887893
17,1044433.6488057668
24,1422996.232077307
19,1150843.473982823
20,1227720.8864077216
22,1310396.0750711127
30,1696350.8077957605
37,2046225.0259627125
19,1112597.9805995144
19,1155135.675630277
22,1304327.0064595875
34,1947043.2986689892
33,1842793.4482514802
36,2015701.2183649996
20,1199123.1473795008
31,1741151.4638613707
40,2203254.374700656
36,2016114.6827893183
30,1716641.5037658347
40,2215830.16343893
39,2171793.2962447386
19,1176410.0941496477
36,2020603.70797203
20,1186295.0221323064
31,1749532.5371600823
29,1691195.3179867947
38,2090518.3043610607
25,1448951.08467009
17,1006195.2836146434
34,1937530.67748289
22,1264446.598776732
36,1956067.2889900194
40,2204339.2364722905
38,2104822.7938400004
28,1633572.1848877643
21,1242470.2043472447
28,1602674.3361549303
20,1248308.9232362078
29,1629595.5218645881
31,1715912.5892453475
19,1182495.7007979958
26,1496454.50677032
26,1485554.89368368
28,1599350.7786182603
19,1185284.8215380234
37,2055534.0403520977
28,1581157.6235629846
35,1946690.1961073827
33,1842965.616769567
20,1192243.7862925145
22,1303207.2733137961
40,2208812.118414314
23,1363774.3682722482
20,1187672.8589346977
21,1225244.0756107515
18,1081704.0918964942
27,1523416.2173639985
31,1743092.7077759053
36,1983041.963884504
32,1791604.3124496636
39,2139585.3641720344
39,2154388.7991723986
17,1054832.512843681
16,977284.0782622021
35,1917924.556894866
19,1124449.2396528374
40,2194711.625745506
24,1381092.3464128037
40,2197722.5889520943
34,1843315.1043473356
38,2106734.143835126
23,1364391.2366319587
30,1675449.0196473564
22,1269055.3734682198
32,1805306.7233071032
30,1694588.3779972757
31,1740237.824493228
37,2064765.5751219313
17,1033122.8984959133
35,1941678.2975746694
17,1061081.2967289174
22,1306863.8360350928
20,1173520.1581053978
34,1894436.4675666785
23,1349158.2789672723
18,1072974.965118073
24,1390839.222752407
37,2026298.519133935
21,1283332.1781662984
38,2117504.747710843
23,1375107.6492181553
35,1925936.7938827851
17,1077612.6220069895
24,1391360.8124869217
37,2058687.850531696
35,1972307.310037849
38,2141489.027896189
35,1931143.4856343498
23,1313278.36928934
26,1497245.7711843885
39,2183933.834744649
36,2000123.3873066846
29,1637360.2585640165
29,1685061.6969543286
22,1301475.9396353874
34,1896074.843850069
38,2079274.7742386246
38,2124783.4412417607
21,1226618.742399711
21,1236003.451506039
39,2119955.451668415
35,1994790.0575928746
37,2043993.6405367786
16,1027933.4094389639
18,1126597.4649683686
35,1940889.5975224671
27,1518629.843239248
37,2036778.4534029816
24,1379407.4985528518
23,1337835.2250196072
24,1366834.62473912
24,1391237.590575747
16,973244.7014760703
34,1899028.5702240146
35,1972800.4422408657
19,1128903.1533136286
35,1924975.2242881001
35,1942114.967896332
37,2060503.1458006054
28,1616408.5125866542
25,1484190.6923125254
38,2096499.8127125679
23,1333549.04627073
29,1652403.218667581
26,1524262.4650093094
20,1187076.3727817945
36,1985640.7943876935
32,1818041.3363808496
17,1036139.713510703
33,1873298.236108501
34,1898049.935421665
34,1880924.5192126983
23,1337519.1712024158
20,1199965.106851596
20,1211236.8883647714
24,1416814.9073384793
32,1811297.8281376928
25,1446353.4597486404
31,1801032.6654658024
27,1552810.8198983609
31,1772947.5536359963
20,1223973.0317970377
22,1312121.5591741535
32,1766645.3520883403
25,1420037.0923116936
21,1279133.7770183252
22,1299280.42607617
33,1851950.6414500263
18,1090935.967079545
31,1740433.3447700122
20,1212608.5057596033
23,1344619.483375467
21,1258085.769245296
27,1554561.0299405048
36,1971032.8432405924
37,2047251.0601421376
31,1769208.3629222126
22,1341270.8298094678
23,1372332.653123232
29,1663727.845184831
36,1986439.7108295904
28,1573105.1050736718
27,1561382.7288373504
23,1308178.3431372675
23,1354791.6728829104
22,1300161.9562269773
18,1096383.2776252078
21,1259261.159208451
29,1622052.2680587305
30,1715876.1697968272
28,1634367.7792455773
33,1818527.2380819593
32,1797827.156519097
34,1890374.7783906157
37,2071085.610981857
29,1643233.1701989726
32,1783745.0607790851
37,2016081.549862394
34,1894527.6989059076
22,1299799.662097674
17,1070313.2456677132
17,1078786.7154242275
31,1746071.4215598765
27,1558362.2419258615
28,1619301.8402425183
19,1151997.6450857578
16,990748.3437188684
22,1297272.1644557072
34,1874710.9730343414
21,1237583.5690627382
19,1135602.799400212
19,1177915.443056245
31,1746844.5847247138
20,1196350.8818054427
29,1649514.8716091355
32,1824291.1371190788
39,2167683.7547742557
40,2158493.1547280564
20,1239939.3466656178
31,1780983.5848941596
20,1193127.3538081532
29,1651929.8296511567
36,2029536.1726239643
34,1903048.309231175
35,1959421.345496988
38,2100315.2737950357
38,2078233.844138906
29,1630758.457398568
26,1488366.038784608
25,1437805.6015330672
16,1019947.6916741274
17,1064982.5317861324
16,963319.0212579112
22,1297900.3058738825
18,1089978.4106078492
35,1915952.1875461794
21,1260538.4603707502
22,1276817.938132648
34,1911493.3568096268
29,1654122.460815675
36,1990749.0751661635
39,2139983.176869429
38,2097199.3870809246
38,2088072.1590043313
19,1181427.8999390153
25,1436045.908587245
21,1270847.1063405937
22,1297237.7862647371
24,1430849.637336883
34,1929145.4172655712
39,2152780.7007978735
20,1212986.982284483
20,1187797.4991798387
23,1360949.7366764497
22,1321221.8051520516
36,1974577.0924688186
31,1713507.7072590562
32,1791620.469933662
30,1713064.5184920565
40,2236240.6778215757
33,1834672.2263977767
16,1024094.8616679889
40,2192684.8656190494
25,1460876.144958358
24,1412058.7204251585
39,2150932.53685588
18,1108384.012165812
29,1616996.2021606923
38,2104071.8601576798
17,1028294.4388067613
32,1806010.2095365024
25,1409126.8382765374
34,1906114.3053944567
29,1648182.0771983573
16,1048882.0060465273
16,1000335.0141814349
16,959142.6131892569
24,1377653.8427477987
27,1539643.9999460406
24,1415257.3240154712
26,1474398.9965089648
23,1340267.457257095
37,2069293.5878832724
36,1996177.8758044017
37,2073330.8040258877
24,1440948.1312771987
32,1754333.1131075094
33,1849173.168072898
31,1758990.3429130416
18,1114129.0531355934
27,1517244.9993363693
19,1122720.0582804591
30,1729794.4450442074
31,1740577.7998110661
17,1009329.4684206409
24,1403500.368106992
40,2183024.5981890406
23,1353429.7834685906
33,1866916.5664763316
28,1590807.6982785214
30,1720738.868205019
23,1347170.5781276023
29,1617183.1839350555
20,1178230.243527464
16,1004276.1940927466
35,1948476.021225604
18,1076627.164928712
31,1752344.5866333744
26,1538968.531082023
22,1274962.9557564019
35,1949690.584743264
26,1499827.0274797552
32,1783874.5786659576
24,1386194.8564321925
28,1608290.9671395007
20,1224722.8794545787
29,1629115.5596884768
32,1811635.1660604193
18,1096022.021405148
32,1824503.229101997
39,2192646.091085428
22,1282307.6108469733
31,1787814.6035220241
16,1022264.1620117769
35,1954376.387420936
40,2221404.8745407425
31,1746839.5754250633
30,1711474.5291330258
35,1987085.1081335924
37,2033910.0436091518
20,1173357.0848861672
39,2167857.9465396684
31,1747120.5578155774
18,1111220.655940388
37,2021894.5710554929
27,1580550.641295145
26,1495861.450100312
29,1672919.8061662512
17,1050906.1364696948
36,2000569.4158221886
38,2106459.105858001
21,1261869.1414263737
25,1433259.3269355223
37,2048368.6775913883
23,1353212.099787589
27,1517083.9765582196
28,1620384.316639512
23,1361753.510759257
19,1138728.3752579214
19,1161883.7510818457
19,1123799.5807684208
18,1110227.9799234874
29,1674576.300054332
22,1273446.2344512285
18,1110457.5933383522
29,1629314.7828171977
27,1520537.988547287
36,2000154.7666884323
23,1330741.7222506835
21,1265540.9319297376
38,2056955.0587075274
18,1087481.8754210172
21,1243287.997400242
16,1004783.1736915448
16,1030049.0383652579
27,1513058.2082815939
16,992491.9967204953
32,1817733.801508122
26,1519190.9212528956
37,2058237.6023506774
17,1043884.1906869654
29,1615609.2781826844
33,1850595.0148931772
25,1471182.3732041637
35,1972618.7559251005
30,1720554.595502942
37,2065286.0024306304
18,1115703.8461345923
25,1462646.3068093508
34,1902667.0428319264
28,1577264.270178926
35,1957735.9910884905
25,1467947.8125064997
27,1552542.3551472896
22,1295734.4080864047
33,1857660.2630090336
31,1741583.1030798946
29,1641638.9827188605
18,1080949.7686381298
16,967317.0750498446
33,1846018.5682404507
28,1595828.0200393328
31,1748555.5675530552
21,1255054.0394161372
34,1882203.567275627
26,1483938.6971144297
32,1800851.2699290784
27,1565205.4484532685
34,1889741.1777002043
18,1111825.0588409654
27,1575956.928830731
25,1450186.7343575293
21,1231878.9799946598
37,2017407.278190314
25,1445691.4628111506
24,1417973.647649624
26,1491530.6379156306
33,1887746.818925119
20,1220859.828746543
22,1339384.5163364434
37,2056469.4816698467
17,1083190.651995171
21,1262202.6100759422
18,1120390.1412040265
31,1787711.1380712823
18,1071547.427025005
22,1301215.3019528883
21,1236409.5234034345
38,2099129.068612702
17,1030226.2653987237
32,1776290.5673270463
27,1549173.2543807218
16,956919.4035729258
32,1802671.3782911627
39,2132544.8508310607
31,1780625.803558332
28,1610425.5186090819
36,2009000.2690091901
33,1826077.445356865
37,2037834.7195691231
23,1333988.7413451034
22,1293648.7313054772
20,1178862.860018335
27,1539887.7459477435
23,1370652.1269210377
22,1320759.7858004156
32,1780249.6444030262
25,1475741.8451989382
25,1441738.2722467822
37,2062409.2471929179
32,1808643.672493205
35,1951854.524104479
36,1993704.5610016403
21,1216976.4448188895
17,1042571.4774461072
27,1526364.8975559075
16,1008821.5136034233
16,993424.5423065661
22,1303888.1175388114
19,1144783.3977551674
20,1204121.190303722
23,1348053.3858092297
37,2063073.6541762264
20,1191525.5306527014
30,1701560.6145104016
37,2042126.2643215307
32,1798058.817482517
19,1135031.7131665123
24,1420899.425978934
29,1654432.3789569861
37,2059864.6034916553
16,1018343.4177046332
22,1288382.4136981997
34,1853166.1391828712
40,2213825.6419784585
20,1222532.206972584
37,2056004.55310488
21,1253128.69336707
17,1034288.1503743405
23,1342098.7877297627
24,1419998.5894263738
37,2056170.2364250163
32,1795239.7655424024
37,2040632.1067314353
18,1091414.1725890492
16,1007419.7644987911
39,2141264.5678644283
37,2062024.31701983
25,1472634.8962121198
38,2084269.6977200184
28,1604063.3295348207
29,1639010.2564487807
32,1826988.433937039
33,1837231.415854629
31,1740270.0723480447
21,1239885.695960817
28,1597409.3922812522
36,2024447.5252533227
18,1130559.4235744602
17,1033181.5886627954
38,2095167.2476567526
40,2215152.7565903147
40,2177043.175436992
22,1302392.5403174562
18,1087517.5788987412
33,1863219.4212793366
36,1980717.6392196335
28,1583919.4495774382
20,1177037.3341039107
33,1856219.1290429914
35,1991671.9648819934
27,1556990.5453521942
29,1674266.6796588523
30,1763978.8381956639
28,1597651.0424945534
31,1765558.9321929049
28,1594974.9007341263
27,1554673.2748681065
34,1903373.353324094
34,1916206.5203353704
19,1166757.0669773628
23,1325957.78482327
21,1218658.8710063524
28,1595635.3311090565
31,1777392.517380692
35,1939258.2776076302
29,1668364.650530669
23,1328269.299475314
32,1814872.1400019936
25,1437031.6375006319
37,2050903.855090453
33,1875500.9223641164
26,1542312.59660125
28,1586902.0871738004
18,1099036.6963541924
27,1543243.2533729947
38,2088391.7727627372
40,2211647.0521473424
35,1953412.589007692
28,1595437.6963656873
26,1497810.423533388
34,1922547.72771868
36,2004335.4959338561
23,1354486.8091088554
29,1618001.3605808234
40,2188499.6060709115
32,1767185.3077942636
29,1669136.0253982975
24,1395607.3769616517
24,1394647.4587020783
34,1912261.9138155016
22,1299868.5550405728
34,1924971.315615148
20,1210719.8560985045
26,1480319.5239459237
25,1463698.7601140405
36,2017126.1795391103
32,1810850.5318102967
30,1694322.8136136748
18,1066918.6766947862
20,1152888.0929122788
16,1019335.1766423297
29,1642455.2865180746
40,2182551.2804502198
35,1932903.3016613442
26,1491987.4216045998
18,1108404.010137265
31,1733694.2714241093
28,1642663.2103600665
28,1582648.1159512578
25,1433151.120901386
36,1988838.2600037314
19,1136324.6471569543
20,1205567.9693174565
21,1259778.200235156
29,1659257.336445098
22,1295072.5391250395
39,2140169.026381601
33,1832589.3605454117
20,1231091.3890386247
19,1114377.2199954765
31,1746834.0165310055
31,1736230.421782684
21,1236610.855735789
38,2083417.1272766767
34,1888122.0934208853
17,1069380.717587073
24,1406329.514283884
40,2226091.8501491994
24,1397211.9450092227
37,2054278.1801898933
31,1732776.4977068165
21,1217719.6113411211
40,2206672.046093491
36,1969857.6642873103
28,1594261.2312959293
34,1904067.2904939142
22,1270273.5004839976
29,1627301.1993239447
33,1887843.3766079922
33,1847791.5619898317
35,1967291.5690257174
20,1190622.0105623156
30,1678117.9391430002
16,1003334.7033926672
19,1140592.7397271881
18,1052896.602296434
26,1553762.2446572585
17,1023698.9078192484
28,1596552.9905549285
23,1329886.431657023
40,2203384.7063198267
17,1093302.8518953135
30,1718361.4326723015
31,1757817.0604243712
30,1712879.8535706247
27,1553535.7527552631
36,2027588.8434596406
16,980175.1137600095
33,1859217.0169259934
19,1134340.3220936325
30,1734805.3285472172
22,1293813.6879589097
29,1687957.8846478523
33,1846211.94664387
20,1229433.4660134176
39,2181485.597180025
20,1242793.6348811542
38,2085005.145186254
16,1011394.1576304539
24,1392585.0252012017
39,2143781.8665585485
25,1493783.7215561217
36,2014485.3867743548
19,1139745.738877311
25,1444146.5741329629
37,2057846.6750482873
24,1377485.6691760356
36,1986445.8048530787
28,1583614.3578779937
37,2081796.8446780597
24,1363228.1121650187
35,1933653.765950842
39,2199668.4780016243
35,1950996.0006904388
34,1897748.60186064
16,984737.07634561
26,1496149.468609535
28,1575245.4838340543
33,1849368.3050157374
33,1855405.5913447079
16,1004963.7318895339
27,1572462.042205218
22,1284257.6472958578
29,1652914.428550513
18,1114261.3856370316
21,1286765.7565533745
33,1831825.1335462756
29,1626127.5887814173
17,1097918.1479137067
21,1290238.507258737
31,1745944.6128867236
19,1163079.7246447024
19,1144713.1260546865
36,1971094.1010353775
30,1715592.4204147179
39,2150335.249145239
22,1296706.399551093
38,2096606.136668675
22,1344595.9023038994
20,1229831.3303289753
27,1561598.6768345856
35,1978885.0079280476
38,2122657.9034378272
21,1217224.406868695
19,1146579.3575676454
24,1398255.5862900561
26,1503294.3453994007
28,1590741.8054154282
17,1038036.396558976
16,1010037.8075934626
37,2019737.2129690049
28,1603354.5833543194
19,1134640.891325197
20,1197374.2812475357
37,2060264.8298253627
28,1582853.0849489165
34,1901845.3120028635
34,1894812.01478995
28,1623737.408978113
31,1771732.6763093267
35,1919540.8247201105
37,2058569.6585731166
35,1925108.341346371
17,1025984.5026815387
38,2115914.324507717
28,1571013.1085630795
23,1324923.4091509418
31,1762708.186020366
31,1735616.262080741
38,2044258.6426194294
32,1776096.8563844254
28,1591552.1378158454
30,1711159.0216278587
37,2061787.0100327667
25,1467776.8755770887
37,2020668.06069026
17,1030021.4429771362
29,1638110.8325040536
18,1098240.8189803765
25,1452353.2635226795
24,1399573.0716185889
25,1477421.3478153732
21,1235124.8205129006
23,1381120.3265389996
23,1392408.6651720428
31,1737878.5682021175
19,1134246.6359515253
32,1779275.1805483375
20,1227049.007541847
32,1837713.8333157117
24,1408776.330467234
40,2206148.2153298804
35,1973800.983571995
40,2197849.9430933828
17,1040715.936433634
22,1292374.1318523982
33,1866828.3276426874
26,1495725.7953210538
30,1662212.0482425215
26,1521523.5005017582
22,1319900.6155676802
19,1108645.5413646696
30,1714287.3063354804
38,2109874.104674137
37,2026571.0962794747
17,1041608.32314698
23,1393238.83562377
28,1607979.5926947847
22,1281712.8288764153
17,1063455.2553633323
16,1020190.843077388
35,1933809.650857388
22,1315224.3310036305
31,1732114.339562359
22,1304644.9318544772
30,1688729.0468493067
27,1543573.8017892423
22,1320199.1111363273
23,1368954.2351318374
34,1922641.0273442136
39,2139569.057605372
23,1345098.6485681327
27,1554720.1625684034
26,1513545.1526070642
24,1426218.7669977287
26,1488352.9280107685
23,1368076.5137721903
36,1988550.016480376
19,1148252.5745901368
17,1037926.4365267663
32,1821919.0454739516
39,2160893.547943442
25,1458922.7565447958
33,1856753.540374094
22,1326386.1729717427
31,1760588.312864555
18,1110534.1338897778
18,1130652.5578478626
26,1524295.6895309903
18,1095644.6462406653
29,1650287.7938630446
38,2126380.7867183047
18,1133207.5763794594
22,1284117.5211850817
17,1046497.925572087
34,1891051.6171162066
29,1613836.745728125
24,1410152.255300661
24,1383569.0712101313
37,2068789.0261195863
24,1404184.0498497328
18,1095420.300420939
22,1286836.855275708
18,1097266.922317817
24,1365730.531162954
20,1243840.0788859287
19,1122814.4690718798
33,1839187.4902286956
38,2098980.4826938948
23,1347577.6810582124
27,1504153.9725074964
30,1696290.4004819149
40,2204654.366181585
25,1441745.3708110491
37,2039531.067150397
20,1218628.8181863674
30,1689071.0388490402
36,2005415.5122053067
27,1546252.0155819203
38,2106553.7740982366
40,2139439.5487386356
16,1004191.3949504623
18,1066658.5417495335
16,999039.7529649654
40,2209224.2423740868
21,1263927.4014344418
18,1070356.5900223895
37,2052142.1172974438
39,2136449.817662387
27,1563341.337010499
20,1171940.2002969058
31,1734787.7409397904
38,2107716.3693574397
30,1667285.1342361197
32,1798181.3119512517
19,1128988.9400785696
39,2168222.516880887
36,1989781.7467646664
40,2170887.420151918
37,2057435.3528110574
33,1801373.0288417877
24,1377109.9876513658
39,2186499.698324336
36,2008574.3934581229
32,1798162.414546144
22,1277249.8095984303
28,1615495.2147079026
29,1650784.5585552352
34,1899926.430918755
18,1104925.561829877
18,1083033.5922090418
40,2195715.109132582
16,957911.885954666
29,1624695.9992996105
16,1008866.1048251202
37,2060809.2836805612
20,1232583.9602961778
23,1341947.0368369294
22,1295330.3264425467
30,1710736.6949386785
27,1599582.6914945068
28,1606348.2089759884
19,1170210.4804065342
22,1321608.3693617797
27,1558257.1303599512
29,1675919.2875805714
18,1104649.028904398
28,1585302.6298634696
24,1427862.6019169907
17,1029115.8769824053
37,2010170.0187510063
20,1192320.6994812628
18,1102989.6820147901
28,1582051.897142606
19,1161998.008679658
17,1054896.213262428
20,1197035.878272143
17,1042247.3125964717
26,1491435.7663317393
25,1441942.2808564873
26,1497198.4911755007
19,1145125.0010612945
33,1887670.4126068808
22,1328954.2596654815
39,2155604.655629464
32,1779103.8221138683
39,2146672.7605029624
24,1423973.0294626635
33,1878632.293045492
36,2002310.9234482022
34,1867062.1503590266
16,1023817.0208851618
34,1903762.43288391
34,1939497.8217071472
29,1661617.0285253501
23,1381580.0622317977
27,1534929.8536114348
35,1934318.7112504435
29,1623178.8652408444
17,1052005.413980785
31,1761038.8203551474
22,1304338.5737083398
30,1699936.1143421787
19,1170435.0217530343
26,1506791.8524651036
40,2194789.4087240756
40,2184147.451307097
30,1731170.554990703
24,1436717.7799506043
29,1643798.0938282113
34,1912975.1059576774
28,1591899.9769120598
32,1779260.1219068256
21,1209832.4312622137
33,1838823.1668957728
20,1172716.9228247262
35,1911108.1875219287
30,1701993.4441509368
33,1843247.9249864705
22,1303602.5888761163
36,1998289.3919610386
27,1547780.6243733955
25,1439730.9602590178
23,1335725.248416248
34,1916583.0659075824
19,1165608.9636122014
32,1784716.8699338753
27,1556910.0609898064
17,1008789.4210575138
30,1708493.689064115
27,1585192.983432284
27,1557663.380453124
35,1975675.5779613093
16,1018666.60041728
28,1602724.385984117
22,1294934.7678068238
29,1672539.9100386254
31,1743526.7801001272
27,1558052.3735873818
19,1157075.0095674498
30,1702810.5129370715
21,1231653.6214456153
29,1694362.8278942425
24,1379859.2355142978
40,2218681.377843318
20,1188859.5480986391
33,1836357.4746031086
27,1530133.4574655062
32,1820193.7147703764
19,1152797.2116151887
33,1810914.5722649083
28,1629360.9305723212
32,1776400.5663677466
32,1759917.122329728
37,2024349.1074059203
16,1032906.6533639593
20,1204638.7501725717
33,1830472.2958446748
22,1269125.049591074
17,1020370.3006561494
16,984769.7868271761
25,1469899.3838832094
29,1655438.7950677217
31,1770647.8578302138
33,1832767.589821516
21,1292206.0324785167
17,1059061.222117886
30,1693107.6058788483
39,2164912.784074013
40,2235483.644470075
16,1004515.1468616951
20,1156984.7626061486
31,1754544.3987419754
26,1497164.417075992
31,1752316.2536584418
24,1391695.1106188241
39,2137499.9190760106
36,2007418.0508955645
19,1152402.535318225
20,1172758.756468311
20,1189787.5682212124
38,2096259.1845343565
19,1192666.6146086438
17,1017918.1599662288
25,1447236.4825518306
25,1460578.710939158
18,1091655.786615685
23,1367761.0187162654
32,1800015.474184695
19,1148333.3474600676
34,1871547.8280304675
21,1238666.324863254
37,2076763.5914009265
29,1652628.3199639143
39,2122194.2988011567
36,2024427.1225862668
18,1086386.9657172079
22,1285828.7456916545
22,1264604.0697975776
38,2090980.9747995313
27,1530791.9253600629
27,1525698.2068221392
18,1111048.4916349382
40,2210412.6683650906
30,1707570.0265057073
27,1548736.4034366715
38,2070910.7693119405
26,1501120.9789259105
40,2215848.256444237
17,1054058.0666214642
22,1341303.9047617665
26,1535963.8481995703
33,1871591.3756980048
31,1742975.021623315
36,1994985.6217455545
39,2136156.9185661427
20,1228889.505987462
28,1608204.6968884324
24,1398738.2209463278
19,1142082.6321083445
38,2105572.7952062762
20,1195705.5826279828
39,2203136.1898294
22,1308363.6272317353
20,1215174.5604130868
35,1925150.8302508518
27,1544660.7156983302
27,1534772.8273348524
16,978602.3217283748
30,1676578.2002859318
16,965560.974609068
17,1034166.8058723593
23,1322569.977171117
20,1215013.9996335616
24,1403573.2396539357
22,1283334.8195023565
28,1593433.5190297426
28,1610484.565714609
40,2180135.3709997307
29,1645728.2508423352
19,1203575.5194993215
29,1632877.696259388
36,2008081.116962402
37,2065578.8838354566
27,1559313.294045567
22,1321870.6917643254
39,2136223.406156324
24,1428996.236607419
36,1991159.694390612
27,1536985.5753848753
30,1704477.854141361
24,1396375.5312241619
25,1449737.7713800666
29,1629354.6143069235
27,1547403.596566549
37,2041474.7025464443
25,1450562.998204484
39,2183796.4524088204
40,2185077.5887020305
17,1043765.4797408978
17,1052650.387716561
40,2228508.1184462495
28,1575210.3082379394
27,1528314.921648258
37,2064433.23919619
34,1902957.4118292027
21,1250090.101310187
38,2099913.5054931357
39,2166618.9335873323
22,1311404.0180782417
29,1660961.754081643
16,970606.6911585939
32,1826989.052298307
23,1387482.6379972212
35,1946272.3514807897
34,1904977.4215353292
21,1269620.3985371944
30,1651453.835104097
27,1571724.7380966567
30,1716438.7559649134
24,1399649.4350343565
40,2185720.0980553064
21,1233526.0804685734
31,1749356.037371948
28,1613229.5678929095
32,1775428.195681763
37,2063402.213897442
17,1027525.3586873817
29,1606313.0663534414
18,1088713.3744990886
20,1177814.8188819098
20,1205130.9644370833
35,1942276.6365593509
36,2036285.0976669693
29,1627679.225696005
31,1732520.8229975423
29,1662330.154849356
20,1233729.15233165
20,1194493.8157527589
33,1854537.4603602549
20,1195879.7610924633
36,1988625.6028175328
16,995141.6857674979
21,1272069.0640942503
38,2088423.5655682634
36,1972114.8170755485
39,2152310.9904632894
20,1222599.4078821512
18,1067192.7591888043
30,1693312.011923055
25,1435889.688559345
26,1517074.2549425554
34,1899208.345700551
29,1618676.2645815904
17,1045549.0156630634
34,1934850.806066848
16,1005596.4053003825
35,1953233.4184811446
40,2207836.75499861
33,1840834.4466336544
25,1439190.830479425
19,1156633.9315742918
19,1174482.5087167034
38,2128243.867566658
30,1707959.6911512576
21,1260588.9831249923
22,1317675.6992252392
25,1421497.7881840009
18,1072556.9590376003
36,1989130.9934539315
19,1166121.5978256124
19,1130785.117736849
32,1770020.5530790337
39,2160506.419361061
20,1207162.0722531844
27,1562710.7198186803
24,1429996.5359445761
37,2047422.1418351447
21,1223572.1167229884
30,1693649.500122669
31,1735975.4801473713
18,1129031.7474369197
17,1053321.8972252042
23,1382557.0793738812
16,1063597.2897764703
20,1194630.9727154176
32,1782676.2717373602
25,1444451.9283048767
26,1500147.3187570074
17,1049285.3386343862
39,2145309.172016988
39,2129983.107293676
39,2125969.6106816255
28,1584353.4793845143
25,1424650.4615378778
16,957346.3394065431
27,1547129.1910667596
37,2051455.357278427
36,1997455.6841828024
32,1779965.2251345594
26,1496549.5602803202
31,1734199.854071259
29,1651569.4015635403
40,2175088.0946087744
32,1814964.9068565732
21,1262031.7751962347
33,1839840.5152551697
34,1858206.3317815613
18,1099670.53263905
17,1075539.4732150033
37,2066292.5702723262
22,1312342.6784414717
40,2205116.4038011846
31,1748664.2264234237
40,2208085.5876609986
22,1292163.5341950492
32,1822334.2110129078
24,1375623.6180701023
30,1691657.1680276948
18,1125675.239963974
17,1104556.6141973634
40,2179955.924708453
35,1972055.6449465514
18,1134701.4792502855
40,2161668.842425965
27,1568828.6158761973
27,1545897.879896
33,1834232.8405825347
30,1682520.548787085
35,1934380.3609769687
28,1615391.8873281344
39,2181097.2366205426
38,2106279.3030499844
21,1241934.0937415876
24,1415643.8140792265
40,2213106.5194915836
25,1413255.8000934406
29,1681898.736466814
39,2165313.910517842
38,2076322.6427472006
31,1740436.7015096769
33,1840108.4623567678
17,1067385.990919377
37,2029888.9611821016
27,1530435.3717575406
22,1299082.278117291
40,2199943.8829501644
23,1323915.3546881352
26,1463482.9246833369
37,2061008.2637938259
22,1281020.2432361334
28,1647046.2779462477
19,1133503.388464848
23,1362664.008694186
22,1323022.9109618766
32,1810750.596563879
39,2112772.2048955797
17,1044588.7759697344
17,1085513.9606473143
24,1398988.8592829073
21,1253320.4210179327
35,1944415.3150925396
37,1985500.875429582
16,983007.1792972824
29,1639774.337527585
24,1436766.2475937358
37,2095608.3262384639
36,2038547.3951046045
37,2081047.3401332495
35,1950533.0300400164
40,2189658.496268213
19,1154421.9809353643
29,1648166.0963543435
21,1237441.4889398636
20,1169001.5032176925
32,1804522.392102912
33,1873610.558302578
16,1020782.8766296837
35,1987486.927397603
18,1095123.4149895685
27,1557107.5242134018
28,1626076.535477127
21,1233170.796938107
19,1153606.9549351074
18,1106966.2019708175
26,1492346.7947827158
17,1066723.9623136173
40,2189201.2164281453
37,2070044.1482887573
27,1523512.9393447563
36,1998525.4624209066
25,1418170.0472816075
22,1324943.3383473847
30,1700911.1564222719
24,1426619.6288809536
29,1633593.193545138
33,1831432.8841835277
36,2018522.1550089708
19,1145914.610243854
24,1405401.2762316526
30,1735702.5560393177
39,2146444.1797745232
28,1555158.6255972865
16,992714.7347445475
20,1212894.685830181
34,1911087.8267034728
27,1538095.4465933107
27,1553125.2886307642
25,1435026.3538294265
22,1313556.1483465435
25,1455907.007932421
23,1380793.1814593982
27,1560957.0835561398
17,1035045.2641154334
31,1765800.2219722366
17,1055644.942435343
21,1234853.7070905236
38,2095743.2237914866
25,1474049.7955830512
20,1202949.8130886587
21,1228012.6319350263
16,1016260.036174336
24,1423973.4439412674
36,1998140.2296978526
23,1348985.5373182236
31,1758165.0765709397
35,1947092.4880421169
26,1511996.535509213
28,1578684.0283192522
20,1209004.900340751
31,1734840.399746459
32,1795301.362674241
39,2153218.842732321
34,1891291.8874514522
34,1883553.9063908712
38,2108678.083061192
40,2209088.2661183714
23,1343451.1874487658
22,1284084.84370107
30,1665469.9914879529
29,1664285.5847538693
29,1668851.0310233056
30,1728325.47241198
18,1068771.9555417488
36,2020468.1955489658
25,1470187.9264188302
39,2185123.761361703
31,1753624.683087597
34,1864144.6634179964
35,1936767.5121507237
34,1921171.6210746875
28,1616555.738973863
21,1212590.8570187544
28,1599250.938300334
37,2046205.125919872
16,988840.5598290762
18,1106709.494043886
24,1390433.2522301727
40,2199654.25114218
35,1962660.4189657392
37,2025064.1218018024
32,1782548.8178183688
16,999770.7115667972
24,1384017.1233394307
28,1599293.308954121
21,1232627.7681911543
38,2108527.1034823856
37,2067091.0391666614
20,1207615.538692888
29,1608307.8849469186
36,2025433.7039326946
29,1653544.6029053621
16,984299.5918946626
27,1538722.5064689508
31,1734487.8104147678
19,1121958.579215119
35,1925463.6934383353
36,1957458.0491276828
28,1603900.001343354
34,1899147.3320868714
22,1292176.0499335867
31,1772684.340603317
18,1119462.517461025
26,1494622.9605731266
27,1546767.4847195032
39,2165896.964098307
20,1178314.4079832928
38,2070471.4040417832
30,1695952.9248050903
30,1728521.5624442536
23,1383548.3872002852
18,1106092.5283895847
26,1476233.0784776476
18,1121811.471747477
20,1193721.150905043
20,1189532.5650579752
23,1377870.3901922011
40,2186846.2778241504
19,1161523.89378687
19,1119100.4028237679
36,1962284.0529103286
39,2175541.6212437325
27,1528604.064003866
39,2160621.7191627733
25,1440666.2290454702
32,1819514.4529300318
22,1307979.2530021328
17,1024036.8197671877
38,2085018.9325136715
39,2189166.52545623
19,1141059.8108017629
40,2214365.122509482
21,1221633.7981041286
40,2203729.574354495
23,1341248.5338603174
24,1401499.7926382564
21,1234744.4666210043
29,1660993.6163910204
28,1638175.8071691394
38,2109495.796373687
25,1446002.408258034
33,1815902.6973172496
22,1272510.1205071793
37,2023797.4069055289
22,1315186.0524539086
40,2177517.189636713
33,1851994.2075264817
29,1650216.3303884508
24,1429910.0232276786
36,1966104.830007896
36,2014298.5426820081
38,2100871.5465966123
30,1690335.3858406907
36,1985578.7577040242
16,1040725.9200452168
34,1868045.5656425152
40,2246496.0791919185
21,1267271.2752814633
30,1694048.1713955933
32,1820500.1563779917
25,1451849.8482264122
39,2168499.664946442
23,1343473.730890575
26,1510280.504099228
20,1230296.4656312198
17,1068461.294037533
38,2124040.5456794095
29,1654797.7896023632
22,1301104.7851857773
16,991405.3533010506
37,2053378.7199151749
33,1825605.5332380026
17,1059045.082454044
30,1727948.4030432515
19,1157067.3317205408
24,1382768.8223824438
30,1703057.4142224
21,1219941.178255055
23,1360250.9020820027
20,1225578.9933927092
34,1874746.5097596336
37,2045446.4474162834
39,2134216.7060145517
17,1041856.4663914682
27,1574868.0211008303
28,1600589.1073492856
24,1387327.9550242987
31,1765675.195347956
36,1986836.265408249
24,1393466.148228261
27,1584628.575020647
29,1660501.2821996787
29,1641778.6105422636
37,2047165.6380891234
32,1797488.0068938623
16,983256.8207373545
24,1390991.2272434828
21,1217952.8946611767
29,1659888.8309842576
38,2092405.2810430073
19,1141006.6692156417
31,1756469.1699021875
23,1352009.185416658
24,1440356.1874321178
29,1648682.0392438222
34,1872311.8773678197
18,1072481.296986786
19,1145485.5361396072
18,1098166.3680990692
33,1865732.1070754963
38,2081058.7434581209
33,1855435.0770306627
18,1046661.650439342
23,1365129.7342984327
32,1797180.7627701897
32,1804397.5472604674
31,1791080.005769437
24,1403742.8397354044
24,1353694.406462205
32,1777224.582119692
22,1301618.5046650432
37,2071313.1377896008
27,1546838.502909742
24,1414554.2582406553
18,1086577.37856579
17,1043483.200062472
36,2040308.1272756555
37,2091421.6519843324
38,2094228.106766279
24,1363106.8555596755
26,1507992.6137232014
20,1221063.5613577634
34,1948206.689775668
29,1683915.4386125489
22,1310237.918240985
39,2129897.8722230922
32,1784976.882625979
19,1130301.1296830298
17,1052335.2017574513
35,1965266.18351005
22,1331850.032673446
20,1172359.5690075776
19,1148801.8812464566
40,2194229.9061298547
25,1468722.2624985941
17,1015795.7568735662
21,1245333.353176488
32,1805440.0221376638
17,1039973.5961456344
19,1148052.401649258
20,1180690.8664417628
27,1560958.880667826
35,1964174.6710331186
20,1215544.3307291225
39,2169490.7321892017
21,1260699.3661188083
24,1395822.0091480818
38,2097744.558929074
31,1754967.8813009309
35,1974954.8374372278
26,1518426.6039575536
24,1416814.5485634084
18,1098298.1005915017
31,1720359.2104112762
27,1531614.1951657948
26,1497810.3818078586
16,1003566.152063171
19,1142587.0015903255
30,1710499.4845622838
34,1917478.7650837202
28,1596213.2747484397
16,1009284.9914734317
18,1107953.5593009144
18,1114721.1226747674
37,2025559.912260804
24,1380384.7420464342
32,1794812.2297106253
25,1450357.5686501681
37,2053704.5866187282
32,1790240.742873046
37,2039029.8041276485
37,2011665.5678598674
36,1999085.7285506662
19,1141297.0383749413
30,1695186.0031179478
26,1489712.219603559
27,1556503.2150608299
35,1938240.719265078
27,1562826.427769307
26,1508511.8050073653
40,2194670.1057556085
28,1590290.4362729278
29,1634452.7287721257
16,1025022.1896462436
22,1315845.589909023
19,1161032.5612418067
27,1556863.7425379155
30,1684124.0906982576
36,2000074.1070159494
28,1611452.1712434648
21,1272299.4407121309
30,1696067.4325950195
27,1547945.5200257574
27,1566235.1819695872
20,1201627.7567285015
30,1698733.7949431108
17,1056910.732499915
23,1361787.5989933265
31,1749023.1282853198
16,963060.0764561874
39,2159284.2118963874
39,2161529.4827966173
38,2115681.690931672
26,1486478.9439439152
25,1446557.8113710326
30,1679057.0726742144
28,1608834.804291618
27,1546272.6799060858
17,1043058.1363576963
30,1686970.0983496145
20,1199224.8867191025
28,1576050.5480473924
35,1954103.9923590787
30,1692329.4441355641
32,1808532.7563559012
22,1309305.7975079669
32,1818165.3537997992
23,1346002.9187579774
19,1161666.941323292
19,1157746.454419838
38,2103450.1437677015
27,1559893.8626709052
24,1384047.726832663
20,1165572.7490730463
18,1062192.5550458247
19,1151041.8690247026
33,1841485.3985890176
23,1347405.4996197883
29,1612135.7539355839
39,2150131.723121991
39,2154289.081758721
23,1342842.437775116
40,2203967.1833463768
40,2178821.1811785065
29,1671024.5194745185
30,1705277.869560231
33,1845668.051361451
32,1809221.1195629027
16,947516.6644499716
29,1657532.45969359
33,1840231.7668786892
28,1596185.602443838
33,1855515.6282385169
27,1566265.9470784042
28,1611654.928813162
39,2158700.107556068
31,1760063.4375501825
28,1586454.0411586594
40,2234802.875416829
40,2202005.921286132
34,1903888.7614010707
39,2143667.5438987627
16,1014103.6065194017
19,1143337.5046823272
19,1161683.8988835206
20,1225246.2262525656
36,1997799.6641848842
27,1533596.1110683826
16,1011101.6849919212
29,1662326.7279708202
32,1783907.7708733603
30,1678776.1562132917
33,1882044.1952273194
32,1833184.3137433305
22,1284350.569482898
24,1442825.4443090803
32,1818388.255834802
23,1379854.0921455196
22,1308699.692042636
38,2099606.796258298
32,1805140.8570592136
22,1309792.522877448
22,1287442.9157431857
16,991703.7235726794
21,1269165.4080801064
34,1887038.374429328
35,1969915.3166332706
16,993670.5791470023
18,1102516.7211044168
23,1364202.7270575308
37,2045592.1101300777
30,1710778.0788222973
39,2129373.412918277
23,1337384.5658961756
19,1123407.4121288168
24,1414332.621329463
31,1741615.1868665346
21,1248288.203867784
27,1524391.7397410606
34,1880602.6395437813
24,1415287.4459268588
37,2021015.1703869738
40,2231891.1901567667
17,1031454.9271079248
39,2146648.5032451157
21,1235845.2244104012
25,1446573.1693403001
40,2209668.1463194652
19,1135012.0843817047
37,2051685.61702547
30,1714673.7946280607
31,1751204.7234587003
16,982734.4541558129
35,1927102.545487323
19,1160638.4110223907
37,2066094.9866034114
17,1050796.6353644626
40,2209670.2339242017
22,1318718.8528260314
18,1124776.9976934693
32,1802160.2360906864
21,1229995.9160002845
31,1746022.1492622986
28,1637907.6725095334
24,1403085.258942834
21,1265006.7720673075
24,1415186.6754291693
20,1210220.5116081573
26,1518065.7697089456
35,1966977.318452709
23,1327551.4692460543
28,1580606.8477326469
38,2072489.8969317272
31,1727054.6701707707
26,1482145.3558152397
17,1027971.7157763843
39,2173384.624499495
30,1706350.363570058
40,2186120.9847317175
40,2165134.0064458526
33,1853037.629665786
38,2126871.9080265486
37,2049666.027738274
25,1456131.5507532915
35,1983488.633647906
24,1401988.0505596353
38,2051727.7534298387
24,1396854.4671373877
21,1250049.2952219942
30,1685096.0505835707
25,1439567.5932528367
18,1073667.17142684
30,1687591.4758749309
32,1825735.320079141
39,2138416.100309502
33,1850934.384895684
35,2000699.8549219966
34,1917721.027053214
17,1040274.725692772
39,2139220.529834418
28,1583190.2967534217
35,1951331.1398087244
30,1713522.4387060015
25,1450013.16416446
39,2134033.3044252233
36,1956862.102263851
28,1612710.2088904066
25,1445292.4001437402
27,1519003.084240215
28,1610986.75836893
27,1569986.0739940442
37,2047537.0742140159
36,2001254.4383212477
18,1092288.6559604951
30,1711830.6009105744
31,1750106.460132542
31,1748687.3863622684
40,2203918.6412888793
16,972232.3139802029
34,1889345.2865392945
38,2114888.1746739545
28,1623737.8268919815
18,1128650.8655398765
31,1745977.2764431676
29,1651281.4767784076
29,1654333.6565731883
24,1409333.5359616154
34,1898933.993142302
29,1714669.8732649703
20,1189088.836188503
30,1692960.237749859
17,1072716.5969770027
40,2190216.3933631214
23,1366738.4557124826
18,1128215.2570862442
29,1638041.5585544761
23,1360848.2548238165
37,2031910.935474079
40,2185980.4982382483
31,1734725.5765761524
23,1349832.6474456221
39,2148705.8281018045
25,1462431.0152091975
20,1237690.193920299
34,1890008.7561669366
28,1589236.5956690318
20,1188814.823602605
21,1239881.619170347
24,1402282.3514227723
19,1168532.9184829001
20,1175604.5506424708
38,2082605.652753502
16,1022494.8839780347
24,1395441.1704905296
28,1563582.6797107607
35,1939176.527729583
23,1352919.9751712831
37,2012273.9014403324
20,1162712.5360448924
33,1825023.5733642783
34,1906005.8687488236
35,1953620.1107346169
31,1750900.215509827
40,2265877.082167363
19,1167800.890060203
31,1719415.384401106
32,1789816.2033977648
24,1397628.2482235034
36,1988324.7594955836
24,1382635.3765197056
36,1964365.3500179779
38,2115487.735738469
32,1790677.980066184
25,1457381.0635201312
21,1219855.3087993711
24,1400457.9692094892
29,1622300.337573485
20,1207275.6989129991
30,1703284.6427862493
16,1002850.6740458292
29,1674530.6949121319
33,1871432.6367977813
37,2027927.1838455407
24,1389057.8007370469
17,1043969.5679824541
19,1140685.0398318928
20,1177142.7105441927
30,1712052.5362975951
17,1014267.6235974064
30,1716551.9054712686
27,1550623.5689732926
21,1253679.3853326766
20,1176627.3022802125
21,1255720.1846630555
31,1759034.5869124704
25,1480402.1224483375
20,1212531.52779582
17,1094022.062775092
27,1546070.9943436962
39,2131437.496768844
23,1372073.2974150954
21,1250973.2455678217
23,1335517.8155379274
28,1632325.6350712746
34,1902024.3073151452
32,1793121.988184415
37,2030282.500500149
26,1523430.4901836955
28,1575361.055558316
18,1087167.3512172396
38,2088735.458461092
27,1574372.8717803792
35,1938744.3519063657
23,1327855.6499901519
29,1660901.573089628
23,1340148.2008542283
21,1257550.937071317
28,1591757.866546128
22,1286124.7494890422
18,1104084.4185124326
28,1610068.161116329
19,1158162.6016595142
28,1588472.4950489912
35,1984305.1420532514
35,1951040.3221852465
20,1196497.6609465699
20,1180313.1646757245
28,1668718.5523196904
21,1256369.4682554877
37,2058418.840478104
21,1239123.44061447
30,1715892.51624628
36,1999885.5963965608
27,1564588.5266786434
25,1457772.505482889
26,1496540.569074701
17,1068450.1647899614
22,1296515.8590594737
36,2023624.5352883
25,1467419.0503450297
37,2038521.1967260116
28,1574658.2319374005
26,1510101.1269239925
34,1900199.1117144057
31,1741766.63175046
22,1271703.3568475256
31,1773163.3992975994
30,1706019.5854887632
25,1440955.8921388467
23,1359984.0131827714
32,1785906.9338073132
24,1432529.8465416424
27,1553535.393564518
33,1872015.2366731577
23,1313191.7660695761
17,1067082.3466907043
40,2199649.725256968
40,2213953.760780282
31,1748915.6908267336
18,1085604.786700987
36,1973739.506764915
16,996418.1807826527
39,2139286.6545753586
22,1323246.731356223
17,1058748.9686972306
37,2030382.8388592596
38,2107006.8206890295
25,1445529.2351689104
35,1927095.4405822656
23,1337342.1070947815
30,1661280.9046477466
26,1492918.6238126107
33,1847325.0435648265
35,1916969.4800952128
23,1324647.8946254258
25,1456564.8448471997
28,1617528.100494743
37,2046603.6592780985
26,1509986.3913670757
27,1548215.2952706784
16,1018641.3361795222
35,1957461.2619075025
32,1804310.0239960393
19,1154889.1919853594
21,1291407.9721782124
33,1839383.6808919604
38,2073497.7922575248
17,1048224.526412449
21,1216518.7507347686
35,1979914.1344236005
16,1025045.0489493124
32,1804891.0092597632
20,1190257.6837920474
40,2230173.6981560793
38,2112415.096412815
36,1980463.8301385005
28,1623044.3799330534
22,1278408.465593255
26,1476188.5532777337
25,1462231.587300416
40,2185611.9236062607
36,1998816.3685417958
25,1467316.1442986554
29,1648683.4242265215
32,1819856.777573926
17,1036559.6614286773
24,1382948.163132151
24,1386243.849659791
16,995053.1912009268
39,2162432.0475503756
27,1557102.149466317
30,1740362.2111351157
29,1642999.3456095245
22,1296126.2491670076
25,1458762.5098488189
34,1894663.1345580346
34,1892638.9877234143
22,1279304.6811889883
17,1081984.8231815575
28,1602601.1910943966
31,1746695.8975853694
35,1946823.3456706349
32,1811940.9811312405
39,2157752.515430295
37,2093758.5399373875
29,1686598.4805786088
40,2202347.315021926
40,2194789.7569160056
16,973356.0457341798
17,1005801.1108076759
26,1502093.3073110115
35,1972451.9636950914
31,1728786.1498753636
28,1625624.6112752515
19,1164812.8541968614
31,1729875.1670065755
28,1596222.6230139104
21,1221812.612248829
39,2158423.5816732845
30,1690558.2612717294
20,1248956.0550718582
36,1979150.8197781243
28,1616320.8381051023
30,1724903.8530753746
35,1955183.3974590017
20,1189586.660707816
29,1641029.5721428557
17,1022497.3352302281
16,993731.4833463281
35,1982308.6054635718
21,1209361.336199126
24,1381195.002279424
40,2164995.6907030786
40,2200379.795366908
20,1164757.639750549
33,1866558.765348944
16,969539.6133506336
16,1021090.6739308416
28,1606933.614974874
21,1287349.4794526924
16,980082.16148251
33,1815670.529718787
28,1623401.4198077316
18,1102235.0939488292
26,1488713.2176186654
36,1982454.5511771888
37,2061442.7651979302
39,2133050.0560857966
33,1835385.7504959756
22,1276917.0212882615
26,1488924.6969232769
23,1372883.7256694627
32,1815246.851188629
33,1847150.351512268
21,1248382.2709260974
21,1260370.2330429337
21,1240307.1162076858
22,1288895.7980599683
31,1786844.99512949
40,2204962.391183566
22,1285363.263353955
23,1367358.7971605053
34,1873134.310957796
18,1113558.1112177842
37,2047341.7567173385
28,1618956.996883681
31,1718831.6544056626
22,1294718.4806001626
24,1427447.7486828715
28,1605490.696742221
26,1493773.526970334
37,2081071.2933698846
31,1728007.9942424018
24,1385533.3068093553
39,2177679.251323371
21,1238395.2136094514
23,1318297.3018415542
16,1035388.458120292
32,1775933.6134125905
24,1373568.5757560092
23,1364088.233371122
31,1767275.9602882487
24,1367556.6072757903
31,1742838.9144157863
38,2099817.5909494744
22,1305220.230259962
31,1726065.9976483097
20,1194508.2081386647
19,1212523.4588558497
38,2116411.985899953
38,2094585.7915792444
17,1053730.9611170795
40,2232805.6562151
16,1004739.8500679865
21,1277023.68656918
33,1849605.902883092
35,1951058.6814810708
29,1651588.0763039144
34,1916522.4708730553
32,1763945.7516593435
24,1423766.7307671788
22,1313984.0938310206
36,1995816.1495978795
19,1154039.145397252
23,1384700.4599954775
22,1320084.359379758
18,1089287.821694818
37,2059048.2423609598
34,1898478.374071
25,1461759.2189282621
18,1102203.611555627
16,1058472.8671520932
31,1707296.0880382648
25,1470050.214440895
31,1724252.183737688
24,1404194.3782853466
27,1531055.001995414
27,1567287.7788535787
16,1013073.1349117128
22,1314205.4975294236
40,2211161.831054473
17,1032647.527395459
26,1505441.8348635149
40,2196213.593548642
17,1059164.709545717
19,1128455.4425105047
20,1236626.006411548
23,1343271.0819533272
21,1252937.5034624364
21,1265105.383151408
33,1837476.1926174855
35,1932746.5811149233
27,1566327.5188390124
16,1029216.2712152641
21,1248199.7948215276
24,1394532.1956250006
30,1726988.4043396737
21,1238285.7694202163
34,1895922.1808226677
25,1474985.245075438
17,1053449.9219806467
22,1309942.7248077218
35,1933687.371327069
35,1961348.9286074091
23,1326409.8517582978
35,1917455.8438689914
27,1556644.5065803165
17,1046655.86326046
18,1143700.5168915663
33,1860321.370753494
20,1185248.8970955838
28,1589069.8999539195
24,1397463.5500869409
36,1988565.5777764576
17,1069941.3577386253
24,1353312.0867421245
17,1054016.4425092335
24,1400261.078513509
18,1089894.6523257687
21,1288909.438962292
26,1504706.2445269797
17,1059898.626090466
19,1145798.884540036
32,1813429.6979001856
27,1570326.464050814
27,1567038.7666491116
34,1892099.1177093945
33,1867534.1315475174
16,997089.2681527466
39,2147419.5575877237
29,1643200.3579820644
16,988327.0199625284
16,1032610.4379313184
17,1021365.8463424575
30,1701684.6741145211
19,1192368.5702238795
23,1323919.6748554416
18,1086447.5656922006
33,1832282.775672386
25,1460159.2715785836
23,1354950.257116102
17,1062587.9589104676
18,1093784.210340556
18,1122264.311676675
39,2138462.340670474
40,2189307.9951946572
29,1657468.8070643113
33,1888676.2879749136
40,2194056.7916540536
32,1788654.3965217797
34,1887803.5912352277
34,1938566.658889342
36,2005091.0825102546
19,1172342.1162291206
17,1066594.0123146032
22,1295868.9582559085
37,2032123.6901309616
33,1855024.2759459238
18,1098420.5163796504
40,2191658.235457161
18,1074706.1540060004
40,2210298.881941438
36,2022934.8921089938
30,1728624.9315858004
19,1136133.9154559914
16,1003593.0630341439
37,2055229.053101609
25,1489813.7958879208
24,1392807.4608043279
35,1968700.4038146518
34,1879322.7263465228
40,2213166.945717044
29,1636822.530442221
18,1082296.021019921
31,1750630.8935720886
30,1681046.4599431525
26,1515890.7943631872
28,1620340.4361283637
37,2040659.4820984048
22,1284517.3411630122
40,2163571.6607326437
34,1844426.6071666789
20,1147884.2282494556
19,1149941.9013280522
36,2034328.5496295416
16,1002927.8433812911
38,2094598.8065289394
37,2042810.4062096872
29,1656047.2795250397
32,1818399.7769110294
22,1302544.828979465
31,1722307.7810393136
20,1150424.8696419834
18,1111601.683351371
39,2143127.9781119926
36,1991766.319823087
20,1171978.9651188557
27,1558003.0592777343
31,1745071.045201638
29,1675946.07520961
29,1659113.7983710985
34,1907018.661529094
16,946896.755109086
30,1677978.8213750757
26,1496352.9828495071
36,2004091.048561725
28,1575493.386368348
38,2101291.359487748
22,1289920.0978327289
34,1890900.8550435212
30,1724047.5623315552
23,1359948.3898951309
40,2186936.141875417
32,1795141.5083677357
26,1496245.838772164
18,1063884.9974846346
37,2069411.769336994
27,1499931.047817289
22,1274138.3278396842
32,1774253.9560303937
17,1047344.0709411869
27,1557331.1760709938
25,1442716.712593312
19,1151289.3785220534
25,1454083.3573490505
34,1889714.6833747355
35,1894997.030159897
31,1754133.814009595
37,2043493.321298629
33,1827357.5314214095
31,1742743.2559873303
18,1101578.5042536645
40,2165911.137672147
20,1218129.1624162472
24,1426328.7989570838
21,1257222.0151861964
40,2173821.5104629304
32,1803789.2781627304
23,1349097.252389743
20,1192960.7114235098
33,1887121.1976263341
23,1323133.4712607546
16,999596.8948994434
18,1129758.9587159364
25,1437694.337744713
22,1310023.8244581625
28,1588305.2784553107
33,1837007.8873479667
17,1048522.544649178
27,1544258.0638360886
18,1104137.1463455157
20,1190328.2338115368
40,2230433.159940939
19,1135926.9632833682
23,1348027.2991212928
33,1816983.8547455284
27,1529330.0893707918
23,1324978.4151986209
24,1456089.2498547216
17,1034234.3369843008
25,1444028.6557535785
24,1480516.4808545453
30,1664738.2881153214
18,1053056.5254332367
19,1188722.0560060502
29,1648159.3241521071
31,1748342.059530369
39,2153100.9251260995
16,999414.2438173873
30,1683359.0204718541
40,2172060.3976844964
35,2001054.181083003
37,2048851.71890145
18,1136960.975818211
29,1652612.287951586
24,1402057.690144528
38,2103240.2550397622
17,1015878.0611956448
34,1893051.3765902761
17,1035279.8419962046
22,1311676.6861625733
40,2212034.4274521125
19,1145226.3255387305
40,2244237.5928055327
34,1916622.5687049746
30,1687886.7889914685
17,1018637.6772173089
39,2177607.694681224
33,1885269.8462111948
20,1172032.1617862
18,1121302.627452709
20,1185484.9527683593
33,1855358.382487003
35,1979265.579934759
31,1734204.7535317328
38,2092361.2656983237
33,1879720.777870303
20,1179175.2152737577
20,1200184.233852642
32,1814690.2182261723
18,1121373.883059694
22,1275732.0665118159
34,1906142.1672516484
27,1550553.7724215214
33,1874332.3091759721
40,2170602.8496778575
26,1501397.109802243
28,1618484.6297190117
29,1640866.8203721521
22,1345597.4315149914
19,1130315.5624626232
24,1365267.157751335
38,2089365.3840742267
30,1719858.3332040384
29,1681021.428093114
33,1844869.488853148
25,1468376.92976829
37,2029799.7867765184
20,1190189.5499381465
36,1987572.0645655193
35,1925172.7163283885
31,1742545.0659938436
26,1517818.4342110474
28,1607842.069946435
33,1833396.3882440203
27,1548476.086559521
26,1453379.606076236
28,1604538.020319256
20,1221141.0787994447
25,1466260.7147377525
24,1427498.1542293592
31,1765881.1692905424
21,1261232.7774428206
30,1699212.918793796
16,1001395.0456844697
19,1129337.3883308382
25,1454983.4100257636
34,1912834.2129802771
22,1310184.9596882616
17,1056132.0101957165
30,1692501.5066372845
39,2185637.9245172986
34,1880598.8672305124
21,1267471.4840497272
22,1324453.829651418
19,1134877.807157445
35,1924114.4010074732
16,971734.52830871
22,1326807.7466605343
37,2061120.5574951917
32,1842124.8059540666
19,1135189.4917749942
16,987876.2610473173
20,1212687.593089915
16,964865.3229327435
33,1850721.745637889
29,1653942.065017424
24,1381181.1921401408
29,1643046.7157768798
18,1063522.582899592
19,1145713.1122640574
30,1730365.378255309
30,1722737.3726690114
30,1708428.218140971
29,1672203.0823176536
17,1017669.356517917
33,1824396.3898849916
23,1359179.7979854806
37,2076485.6638413998
26,1521837.8105778932
18,1105746.21205152
28,1617004.3010423295
26,1502277.1923630105
38,2129968.4055130063
17,1029627.7228320119
20,1184397.1083171202
34,1920283.4652449659
19,1145197.49492437
29,1671220.3325311795
16,979333.5367412299
39,2144453.2358241268
35,1936747.0089988045
28,1583878.6505409686
24,1386003.2267447615
27,1593734.1632186375
31,1739885.1579084613
22,1313095.6217154283
33,1844434.7992326485
28,1614473.2842948383
32,1778836.0579531586
38,2116580.8613004377
36,1986138.3889602358
18,1080589.535646715
32,1795647.658003811
33,1860802.6193391646
27,1571460.1857192332
23,1343023.3461094268
30,1705776.7670331874
34,1898855.1065792213
31,1735153.977647323
17,1050204.185731255
29,1615465.6369535916
17,1047610.1617912
36,2021782.743678267
19,1182499.720963547
19,1153661.2471394457
18,1110009.2904997023
27,1552139.1608773442
35,1923368.4728591263
27,1551172.7260421403
28,1622448.4881859964
39,2169521.4536394426
23,1385902.0893147367
19,1161712.1128361956
34,1924676.8492173087
16,973410.9637067518
25,1452328.7386116707
18,1086378.5931046607
26,1463295.3584710993
29,1607219.9055285614
24,1415972.7852209727
35,1921373.2210353513
38,2106092.580680367
24,1429172.3369459403
27,1541141.090393803
18,1113229.8346784834
18,1084609.300403186
25,1464248.6023698607
34,1892509.6605406106
26,1496187.2506081609
37,1995805.405144381
17,1054239.6509954322
36,2011438.1493133088
22,1311267.976753255
38,2100631.4824456275
24,1411918.2209352464
34,1906525.8164910765
25,1469849.1655201297
21,1241313.9347315938
17,1063326.6879148246
31,1738357.0198728465
35,1930504.351823027
26,1509003.8794462287
35,1941022.0906623334
31,1737343.1309029576
24,1392009.0977416597
31,1752894.9409433482
28,1570029.0094525663
18,1090036.1515313126
17,1048679.5658973253
18,1050805.8230322464
31,1770425.7552787492
21,1229445.4608003248
40,2189711.029900686
38,2068340.8916055553
21,1243599.244909166
34,1894833.5928545776
32,1832192.6211406328
33,1871523.4731056916
23,1353843.418293236
28,1577326.166289064
35,1955787.2124923214
31,1759945.7473600132
16,967609.9381374291
40,2187478.3907285524
35,1958400.2552734432
23,1345116.2616179667
37,2061606.5489189003
34,1921853.1751127602
33,1885560.3215361456
28,1608769.272495533
36,1994158.0727395709
40,2189643.0819771495
20,1192964.4526790418
38,2106779.237984822
38,2106322.129008488
26,1480902.3077738502
25,1440511.708092683
33,1798145.6696919547
34,1875817.573906381
17,1045490.5593059952
39,2157486.364547402
26,1482996.0073278828
19,1145505.3649157335
19,1181614.9341764061
21,1245938.8566586268
21,1211817.2536743463
40,2210841.093010974
23,1348679.7628350954
33,1859434.6717770027
22,1312425.0322179012
24,1460906.5118402229
17,1013082.4225074635
16,986109.7299386045
23,1358803.5325147682
34,1857728.8458759259
36,2019084.4731086679
33,1845334.6358309486
38,2097328.361400519
28,1622946.8484548272
36,2005335.8369158935
25,1459021.0536408725
21,1259405.3593446317
35,1945026.662157853
27,1529439.81404207
24,1427957.1595715508
28,1600246.909148523
39,2160905.4633097444
37,2046757.3098671217
24,1391995.3438018828
31,1731995.0004419698
17,1060032.8659805453
33,1845587.6732661123
33,1878697.861489005
35,1971568.7215281737
36,2001717.2283832647
21,1203580.6253345946
29,1673102.829323897
17,1062200.3515197304
36,1989533.111634488
19,1137045.4471384338
24,1349272.689895977
16,963863.3699569155
20,1192145.2484354086
20,1167405.1490742182
19,1179951.3227217428
33,1847646.8868242702
17,1016823.2804667627
23,1338710.2255305208
28,1615907.1082758615
39,2157714.0497193714
33,1846039.0765855045
21,1217960.2097358736
27,1538092.5514307017
16,1041156.044691708
39,2154424.5908400123
25,1468497.6838783883
39,2156001.715516771
37,2057220.9427039938
16,948846.4052433199
39,2143997.520264075
34,1899403.378381109
20,1229246.342665743
25,1440568.4208070163
40,2186156.052269601
37,2055513.8146548409
33,1829591.8648782237
26,1520630.475499874
22,1311366.2261793176
27,1506718.4625705385
32,1792059.3840084255
33,1849624.8008115273
40,2189309.411278734
40,2174459.9210289633
27,1547755.9582886656
29,1624732.0987346603
34,1892169.4631269658
39,2148907.702382999
40,2221889.0550261107
26,1494519.1056203481
18,1087453.251577651
33,1847748.6710731264
16,1033039.8367488668
32,1775694.9307139453
16,965055.6532535048
16,998057.0880999358
18,1104974.4452063804
25,1446024.0720490962
30,1703572.2368178957
19,1152103.1576904522
25,1463014.7885531445
18,1138106.4639490966
22,1242060.1054868544
39,2179866.031242515
27,1562158.632803566
21,1249141.178340865
36,1995185.8390837454
16,1044436.0780928556
37,2061729.2694472761
25,1414977.682770288
38,2062754.4606397506
34,1897643.8782491817
16,976630.0017304135
29,1670732.7716918201
22,1305968.1920326191
34,1910560.3735938903
27,1550292.0046709443
18,1094824.1690082487
19,1198919.5722287605
31,1764592.5198383706
36,2028968.0414527124
16,995115.2673659113
25,1431773.7702253265
28,1593333.658815768
38,2123491.342414943
35,1916971.9633515412
28,1596448.3986039655
17,1063454.5875699548
16,1051870.960041386
25,1454213.714269381
26,1473212.668474149
18,1100068.3176801703
37,2045253.6385786687
27,1572482.4896990822
18,1092923.6830504066
24,1429794.0807348287
28,1637641.5946443146
32,1799162.8159186991
31,1726750.6782934945
30,1721450.667294204
17,1050376.727570934
27,1545124.657532083
20,1224293.6769778586
37,2052922.632819139
23,1354615.4558991056
29,1656419.028411289
16,1029919.3191964346
34,1888812.1668071363
37,2075909.367340263
38,2122259.0045938455
27,1562971.3167593207
23,1327437.0652581586
28,1641387.4230325778
29,1648689.0691643408
16,1003654.5817108862
37,2024484.7209049906
18,1112637.2503544807
36,1983599.77594721
24,1393270.7476024164
28,1578009.86026703
35,1914518.066054314
34,1876633.561702828
28,1607412.8179454042
18,1092282.3180327704
18,1088023.4730908643
19,1172959.3510837646
32,1782045.8520204949
39,2139047.52828226
38,2082348.3813329984
38,2092665.8963570984
20,1202295.8506047311
23,1357981.1839500444
36,2028501.586652509
33,1843815.3855209902
23,1348152.8358632424
29,1679025.734089407
26,1506241.328481578
25,1407617.9211956533
26,1521759.8753394354
28,1602006.6857967423
28,1610383.3887685288
34,1909111.0069480955
23,1338737.998450394
38,2109454.3925473755
19,1156778.7704492414
29,1617080.3261133262
30,1677054.811535137
29,1658167.0315888328
24,1425545.191144241
29,1643686.9258231877
32,1812145.8444997289
37,2038743.1785442429
37,2038446.6123050975
32,1793534.3480296729
16,1009633.5012455144
25,1436289.367742939
35,1920116.8938690068
24,1401090.2637261932
27,1534274.2775669503
39,2132538.744473795
23,1361553.5125773398
30,1678940.5750176907
36,1995112.846880764
34,1906311.6250839473
35,1953658.575070779
36,2007977.6361189613
32,1798300.203981265
36,1990686.5340743468
39,2159061.6014937554
33,1834169.793980846
16,993713.6514153273
27,1569539.6546135726
36,1964907.6705486325
33,1823866.748690875
17,1039421.4988170852
16,1017215.7293969847
30,1683357.1619605212
38,2148146.5144294957
37,2084287.606407132
22,1322495.9193034247
23,1345450.17640493
40,2229929.762953568
17,1085113.4786046464
40,2194755.062829261
23,1350020.9437216506
27,1532487.425350065
19,1137240.3850793748
35,1891122.2466263503
22,1284844.0658719332
26,1505641.439924546
28,1560284.0201857805
33,1858502.0626812687
18,1116969.836981532
20,1183773.65340852
34,1888112.8544326504
19,1117164.0333289783
38,2094874.1278186154
25,1470518.6426316046
40,2155960.628077216
29,1641690.146715216
37,2097202.7449931507
38,2073414.025541564
26,1517307.259186538
24,1412957.21634973
19,1143846.2246912208
26,1493846.7040163283
30,1711205.966871202
37,2085177.6816302352
20,1197818.5010204955
20,1191594.8420459954
30,1708574.955749071
25,1434436.5143144426
21,1254625.0511021179
37,2058518.4459597222
31,1747932.7643336207
16,1015859.4176995679
21,1219251.1410174672
33,1840128.3549734387
29,1625723.9662781758
25,1485960.0494020442
19,1148187.8743467764
29,1598781.8636413638
16,992638.2578142687
33,1903596.5639283115
36,2013917.1151205355
19,1148770.6517762342
32,1787900.5335626106
16,993935.0194117897
38,2087957.1583872074
38,2125989.85893441
34,1924482.2178383912
21,1273737.4857971764
19,1173442.2585495338
36,1988108.6211270045
30,1697485.8108056255
17,1056110.5081642154
27,1539476.1450801627
35,1934617.395645123
39,2135337.0750387227
25,1427051.2616849656
30,1686355.6656209028
39,2151476.5176681275
38,2078123.7498661957
24,1396519.9633782888
37,2050227.8362500095
32,1800975.7421006926
24,1380428.529182701
25,1461618.1073105955
16,989429.335876998
37,2038214.58281872
32,1786791.0363878496
40,2176680.8614728404
34,1915547.1012547573
31,1708657.795507812
23,1359828.8058972894
24,1408429.0148111067
21,1221605.6523364715
19,1140447.4939329086
26,1489932.999423057
28,1589249.144628741
22,1324300.0803816388
27,1543631.393510681
22,1305704.118527315
31,1759196.6061292966
27,1552253.824008311
23,1391006.1515795602
38,2096696.0168173912
20,1202545.0406059443
35,1937043.9488323377
27,1530412.1166619447
34,1880996.2000624798
39,2120907.2375494014
21,1255989.31047708
26,1496081.9285001406
35,1926908.2877114734
17,1079755.671943307
21,1254583.6566956835
30,1732474.2439111657
40,2187059.0472118254
25,1457576.192107159
25,1435984.1477816212
20,1214095.4900521005
19,1151520.9423510942
19,1123727.4378199168
24,1396390.9994574566
25,1419084.0080800129
32,1821088.7161521066
17,1038566.4986942967
29,1635810.1426180445
19,1178269.480343907
25,1475195.5571380714
23,1358773.3633483401
31,1750939.5239259899
35,1945567.201982981
19,1160152.6684901337
38,2061173.717588053
33,1849492.0519349782
30,1688815.2713321
21,1245700.1645962133
20,1180852.1454785122
40,2228291.803356382
18,1106716.9134577166
24,1389791.1830218544
16,965184.0713730745
38,2104113.17841772
23,1349585.2028906879
39,2168067.541969616
26,1523426.0726423282
25,1439917.2637392539
31,1806516.5393790181
21,1277598.2560139415
39,2131600.397778526
30,1703566.5917452648
32,1805511.457979251
40,2210153.2353777746
27,1559434.0133012526
40,2180472.532196296
21,1258276.8186828366
29,1639572.765566368
32,1805083.8135311531
36,1990760.1399529148
34,1891389.603376228
25,1440633.552533717
28,1584543.2258572048
21,1226928.4673663608
30,1723145.6261498714
19,1123795.6721256673
31,1765186.6346253487
16,1003198.631534518
31,1735721.3708266881
19,1163321.3638062212
21,1273544.906656582
28,1593494.9217282878
40,2189837.5801516864
31,1755405.8989341566
38,2103009.518440172
27,1572660.6163744328
30,1720040.639866205
20,1230875.734623671
32,1772323.0701230883
27,1536066.8017498911
31,1755756.4201663777
39,2142701.1907253405
40,2235217.622800646
40,2205477.6787651936
23,1371945.8896654025
18,1135168.3122898606
34,1900668.5610869494
17,1039925.9780577237
35,1977494.973664613
22,1302061.920650196
16,998986.4808486749
29,1631873.77014099
35,1964208.703579692
40,2187667.2572015105
29,1628827.2546409261
40,2190746.3742323085
18,1082418.0555297192
26,1482847.5530367873
22,1278961.4435604035
24,1369156.3578894725
16,1023159.8610515917
19,1161123.137303982
19,1119468.2828662463
26,1512131.8631511885
23,1369499.3568886826
27,1557586.7833256847
26,1512160.308712257
16,1018686.2895946861
17,1049598.109032484
18,1104095.65220599
39,2156994.6563322768
17,1062445.1749654042
34,1932790.4803149484
30,1705014.8123982265
30,1688752.6323415362
35,1968214.1502665032
28,1593158.98031799
21,1225313.0885900508
40,2216027.144727111
20,1207840.5322211983
33,1889476.2207056081
24,1383249.3585112102
28,1629104.5679278462
26,1510623.488873677
34,1933224.2768714463
40,2177272.72487069
29,1641363.4136061799
19,1146084.4906875202
25,1428976.4810546583
40,2191149.470689223
26,1492700.1262656257
30,1672031.495985683
26,1499678.443309463
29,1656765.4444765442
29,1669598.5821939437
20,1217898.553828985
18,1102895.7577520849
16,1027682.1169301185
18,1114266.4666480992
18,1093024.5463759738
33,1870552.0872280234
34,1900335.7632748343
34,1876428.0589999787
22,1314176.1903064423
16,1046914.6607792202
37,2056140.9931672998
16,1018225.0160196769
29,1611449.577285665
24,1398083.3100071428
38,2128079.121071
18,1067015.5632348254
33,1843398.5287394437
20,1215335.4858452624
33,1825469.888139549
25,1451873.2169528971
22,1313969.703141195
21,1254297.8249350693
27,1553319.106298041
40,2188407.6006464753
26,1470779.3136562016
27,1585368.5065702768
31,1737856.6582771197
32,1800422.1387777016
18,1134309.604793605
28,1597730.6009121984
32,1778664.415248852
19,1132746.593625859
39,2170314.403739585
16,1004402.3669235473
17,1088466.6135841291
32,1806500.894823726
40,2159082.5153948357
18,1112662.767963657
26,1508219.4221806002
22,1283874.7897144742
37,2052910.1310526324
23,1343496.811939925
23,1378972.4376912785
35,1938879.0509833167
37,2082798.780137312
26,1481917.3242345958
19,1158776.9763327085
26,1483636.6096419955
16,1029041.7626407862
22,1295518.9858753104
30,1700318.1856993258
25,1463522.747695537
24,1404423.7297068234
35,1911820.0182277788
23,1359752.1144729776
27,1548589.3156630967
17,1065019.1260997837
26,1502702.3020616842
35,1944883.1508570088
21,1253747.2848210253
35,1972240.2919627358
32,1743379.5880131854
17,1047900.4663063067
18,1093951.6436030876
25,1452153.7263898994
21,1264299.0378208
32,1815815.3101312923
28,1591597.5988327966
36,1974476.554232228
17,1053521.293274317
33,1834423.9234304843
34,1891939.2857127192
36,2012681.2471215806
22,1294659.8092181634
35,1934534.08573988
18,1085440.3902927176
37,2058571.7233142317
29,1665195.139460363
18,1106598.057631879
36,2022438.2213814824
38,2078709.25950488
38,2080319.0295396163
39,2117855.987366014
38,2115978.621741185
17,1059295.5772420105
23,1363376.1701503654
22,1335891.2605676411
21,1217017.1745043152
21,1268798.117316913
28,1584500.072371815
25,1457595.043769974
23,1348927.9658427907
27,1539277.8002934929
21,1270888.3327775148
34,1901266.8630738968
17,1040300.0384341826
35,1928123.0571740512
26,1515768.9710058474
32,1796457.2824024472
37,2036869.9950074044
22,1270837.3887672226
25,1499588.0690430964
35,1959214.8402023693
39,2160230.706448672
33,1870147.3950578724
21,1274039.2664230776
37,2062654.5620588912
26,1513798.1930327166
27,1517774.7892400932
28,1588887.5708077953
19,1130048.3517938035
34,1867247.613941116
37,2059154.0807478554
33,1840394.4994275116
34,1921903.081626252
25,1446173.6079988768
26,1466297.0675082202
20,1207361.7341716175
27,1551261.513470099
35,1957845.606591582
37,2071328.6717572864
23,1346664.0906781424
20,1191743.005035955
26,1512016.2109805953
36,1965674.0418691777
24,1399874.620528163
16,1053687.5321359267
37,2077285.659074045
30,1698827.7606462066
20,1245223.4705721624
17,1041699.2378243291
40,2192523.9476237404
36,2025103.1683340943
31,1728699.1126008888
16,1052527.8017068475
29,1682914.4522723642
37,2020611.1659056062
36,2013429.665767261
21,1289292.7103976617
24,1395246.3272318945
31,1754691.809364609
26,1495438.0208531353
27,1528356.4156753763
19,1129641.7090868931
22,1277331.913999343
24,1374117.8486995492
17,1037121.7157527244
28,1616035.918198009
39,2131641.5238981536
21,1225018.9249559918
32,1808779.4528083636
32,1781384.4690993847
20,1215912.2132544564
16,1014719.6820973118
34,1914605.139232337
27,1523759.2824553803
17,1085455.798461821
31,1738138.954155139
22,1285390.674821821
23,1333972.1448152168
23,1358487.0221843603
26,1520582.6988206678
28,1585482.782962885
36,1946760.6932568534
27,1548050.7830806347
25,1433596.3672128231
28,1608196.8595653253
39,2107397.0328369774
39,2110456.2791210082
24,1405995.354408679
25,1422812.2716301228
24,1383855.1238908116
37,2043299.2195452936
40,2190408.1802990297
20,1198739.8996832645
28,1614292.5577917912
16,982075.4690366008
28,1588911.0738298658
17,1049009.715765352
28,1590758.6490856274
32,1799790.7041137908
16,1009437.7430102361
31,1795759.4874946938
17,1017605.3061237652
16,992192.8559358149
40,2187364.106541458
33,1853481.0448008408
40,2194956.4747203733
35,1935002.0993723932
19,1162167.9238291825
33,1851890.2298673515
18,1079967.3239368086
16,1001500.2284469196
32,1783797.6880691631
21,1256202.0577698937
20,1216154.1520540286
32,1804589.1294888933
22,1316313.4068474392
30,1726690.4980618393
30,1677975.8532580615
25,1450883.7566991916
32,1830158.3883446974
25,1443431.1644219097
40,2172400.386681926
39,2159865.6646678825
31,1740083.4949237595
30,1690038.4034500336
40,2232456.824947284
26,1510368.2392506932
27,1559204.4934641258
23,1382856.9633770636
19,1147480.7913490601
25,1488275.7208013684
22,1308470.1153185568
36,2005352.3501806222
38,2125491.8133076266
39,2186787.8444438963
18,1091862.7097089058
40,2207868.3161036107
26,1519946.0349661808
32,1779664.8085032294
21,1264684.4699805228
26,1453651.43499585
24,1379252.279986956
16,1008453.7658261771
21,1250356.132429733
40,2215558.6632822086
39,2167109.451849103
21,1233677.990504689
36,1973663.6276674499
37,2056607.7098924315
34,1888733.3704603727
29,1638456.6197235372
18,1098478.825093971
24,1419023.3034155786
21,1250057.2515185412
30,1721646.861088705
28,1609096.41951274
29,1658771.7885107927
38,2099027.5502949343
28,1624213.6381792712
24,1375528.3217787645
32,1827828.6635851061
39,2147568.028193069
31,1710454.4254926527
28,1629346.6762415497
30,1723094.6420509033
39,2112180.1238019345
18,1095676.5555335607
20,1191546.8185898561
18,1094502.9179193904
28,1605414.6371792092
36,2016631.1604496764
37,2101821.2433582474
20,1192282.437744895
27,1558072.5834559582
22,1265244.9771303704
29,1620221.4495212927
16,947852.6894186303
35,1985450.4586240428
34,1917876.3670711517
20,1175755.7995250646
40,2190276.7161165457
16,1042407.4049808505
33,1838073.4429398128
23,1334955.805367139
33,1866453.4812208398
36,2041754.280725903
16,986021.6732518666
34,1858530.6728668262
19,1148087.7190689915
19,1156376.6176874174
36,2038152.7194088404
17,1031777.949098579
25,1443992.0113407776
34,1920199.472990781
40,2228270.4870360196
21,1259528.5500058923
20,1189024.2007540578
34,1905997.0468834816
28,1601947.7855034035
17,1032056.471171885
29,1629017.9562143777
25,1477701.1925409727
19,1136507.863860262
20,1219455.8472287147
40,2219459.788748984
27,1551455.551398831
24,1401715.3288789568
38,2099987.881004503
18,1096046.522346362
33,1870735.908650004
16,992505.1222738731
19,1149359.738896732
33,1833607.7368028057
30,1695623.9785947455
37,2034057.91131737
20,1173751.2229559894
40,2184797.971178415
18,1084331.4622391846
40,2197837.5832356615
30,1668618.6651232324
25,1467029.7625382773
39,2133005.9838179965
34,1900466.192961099
35,1921405.9242492558
37,2047065.6673974283
21,1241217.128109164
25,1449240.0879382468
17,1055799.60996987
19,1120251.8732309353
18,1119686.0531095513
35,1937792.7673699155
26,1500330.0351482884
28,1609707.323550911
23,1341790.8681792198
39,2157594.8575125593
25,1394548.927798926
37,2043997.6981402996
29,1672619.4885561254
27,1530827.3654865862
29,1673236.5804114135
32,1803183.8027377345
25,1445346.7301389067
40,2194098.1068819542
27,1544016.5304162083
17,1045915.295994297
31,1716425.5117064274
27,1547466.2869368256
39,2150925.9451855468
36,1999536.531115278
37,2043568.7886673757
30,1719765.6880620532
22,1257655.1337575894
24,1430718.1409848526
36,2005383.7157765531
31,1751826.0044531715
37,2074226.503895203
29,1650531.352227151
21,1254892.4528222857
33,1888561.4566043562
26,1540173.8728057963
32,1800708.8345941266
38,2120727.4848511796
38,2094637.926139512
35,1968134.3885908036
21,1234464.9769278737
34,1879540.696675552
16,981719.2381485325
19,1141335.4445615949
34,1876794.257080803
32,1818851.1028302046
28,1606929.5886727045
35,1942085.0350788226
34,1872494.3690686265
27,1538949.9328625735
28,1588758.5624977977
34,1869775.546270082
32,1784585.4969700358
28,1593366.954668051
18,1091632.2986076816
34,1874933.5554195675
40,2216459.504526891
34,1918978.749886335
18,1106299.3457430357
19,1160780.4448529007
22,1313660.7416624357
39,2200567.129504179
19,1183468.679625418
31,1744228.944394872
40,2183834.6311313463
35,1946406.650234387
17,1045121.544847041
18,1090523.936451846
36,2043172.474538017
25,1469304.452579462
23,1363893.770447944
21,1233394.9175450546
36,1986765.528036237
27,1527107.9952442637
39,2166241.924253692
35,1965765.5736164257
38,2089331.66084167
27,1607359.250687034
17,1088504.261555185
18,1139708.1272222304
17,1065224.9749269371
20,1160667.6095022224
18,1098611.4726636223
32,1789604.560984928
32,1864163.2182783298
32,1820277.936682055
36,2030881.1609600105
28,1578722.1020045425
22,1311955.8176905918
19,1152420.7587932714
23,1350757.4325917996
17,1076154.4138393973
33,1877856.4369863393
18,1112656.782647032
25,1421772.650918473
29,1629779.3462659349
24,1393306.9428463678
24,1401309.2275111661
37,2033503.767409387
38,2110980.4666879573
21,1254511.4699445714
31,1800769.664588559
18,1125029.2141836125
24,1383700.6138666796
20,1183663.9346833928
25,1408579.5298240278
21,1242744.0883244334
29,1644046.3302891955
40,2205247.768730615
35,1936834.2121874779
40,2196008.2615767233
28,1610874.5230957735
37,2037787.8520740075
24,1364803.79472927
16,1017698.6652392823
16,982140.6723597229
24,1399708.2017914378
38,2100571.635390989
21,1223092.0947328461
20,1228424.7553184307
19,1122876.2762813834
38,2102729.8398801144
32,1787849.4191808917
35,1934293.8481472854
18,1109206.0206243235
18,1116135.596610962
25,1430681.9101674978
16,1012728.0087085586
37,2053265.0325307641
23,1342303.3336499138
37,2048803.5463754337
20,1187475.2513317312
37,2032915.3227805092
36,2001799.7693821767
29,1650426.1311562115
28,1585987.2226430692
28,1609506.4574575757
30,1705802.6899684605
32,1820410.4394751266
24,1414984.4179382185
30,1697546.4755777055
40,2221579.7728028474
38,2100927.2015249943
22,1280280.446331615
33,1820589.7905212576
22,1293933.34493455
17,1041727.6829529859
18,1098059.686849055
32,1794231.8309808034
31,1723968.0529777883
16,1040259.5815826491
16,1023051.6515780279
30,1707938.6065601122
19,1153480.0997808191
40,2184941.084031335
34,1929634.7118908425
33,1829926.2119273378
26,1475068.250119143
38,2077404.092034079
36,1995608.7933015202
19,1164020.7205374422
33,1867092.2639012886
30,1715536.5287729863
19,1156749.8627763768
39,2172799.4397212584
24,1406057.3302900307
17,1037543.5832695435
23,1343099.4575183813
38,2113658.9358627666
24,1423773.7730321875
18,1091725.9403995834
39,2117799.344121178
27,1533510.679023745
32,1807410.717399672
19,1146146.2474782635
25,1453882.0821609767
27,1499258.6496850864
24,1439337.3728582533
16,1019513.530278044
34,1892260.7480538914
37,2045770.0050780629
19,1137617.2608504877
22,1325441.3577335442
26,1485680.5215054885
30,1726822.3122336257
35,1942377.1102587765
35,1933674.8037788596
35,1902908.987714162
34,1896396.659041413
40,2200331.593704149
39,2199603.126489702
34,1932183.2993765518
21,1258985.1874805205
23,1338090.35427114
40,2229645.795987236
34,1898103.8288122003
32,1798786.3936658143
32,1813068.390222387
20,1209227.0022397141
26,1472463.7799811906
22,1264144.4532210312
37,2033096.6894574617
19,1145520.3567250846
24,1421154.1740772922
37,2066735.1206244177
21,1253591.247475458
20,1177145.8308027259
37,2036611.06446945
18,1098466.9416030638
28,1597165.1581162473
36,1995781.185468914
36,2000426.1498071023
17,1045338.4968176194
19,1109626.1718656674
20,1230161.543690882
23,1433024.827940792
26,1485866.7144190622
27,1543521.550521429
35,1929076.3556053883
24,1411680.8081851066
36,2034626.4882184258
18,1080387.5837846515
33,1854521.1917820405
39,2156510.376056785
26,1538033.9389384415
39,2133869.128899651
20,1212894.495081284
25,1423000.7629199044
23,1381454.3355147399
19,1129635.464727979
32,1795885.6968198104
19,1141223.0132010677
37,2074861.7721519577
38,2112473.526529582
40,2232415.2933755005
28,1580369.0320311089
20,1202694.760870351
35,1966574.2281225794
35,1952580.8465717447
28,1615465.4048464654
32,1816866.8978384996
26,1497911.7791772864
27,1579411.4747844923
32,1809129.0068082847
16,980901.4309488592
18,1116319.1431869732
39,2143483.455651134
20,1213519.0392189808
37,2038363.697694417
36,2028160.6145981122
26,1502773.4256650154
19,1128002.7777236018
20,1184390.9175098266
31,1757577.5382404034
20,1193985.487356325
30,1715062.2460175555
33,1839310.587565748
33,1847025.3081846558
33,1865692.624267668
19,1154193.652686179
17,1031395.3985741085
28,1594771.6540203947
16,988978.3638435804
31,1734653.4561311724
18,1073131.998362303
27,1558750.3542673422
16,998472.7100113657
27,1566352.0681204349
20,1194299.3817489883
34,1901471.7822203895
40,2182510.000949824
23,1327409.5381513608
38,2104702.2739960924
29,1669247.1142266872
34,1906075.8773529793
25,1485814.4547736235
30,1697086.7785360513
36,1985557.5545954283
23,1369705.0781851897
39,2124051.2193712112
38,2119935.853714017
28,1627076.710935862
17,1075424.621005138
22,1301870.5856788643
30,1728009.4489439556
31,1768654.7621694924
19,1166269.898745392
18,1108635.2201570056
22,1274042.7405801567
33,1852963.5775574283
29,1644225.1650016122
26,1533565.4030298674
21,1250399.3583307203
29,1627431.5263490933
32,1789163.1182124026
18,1127206.794780929
32,1776634.712613639
20,1214143.6804654805
37,2062116.2160227424
40,2249508.3627919587
22,1362334.0848264785
38,2068566.7217645382
17,1073360.0677065318
31,1761379.1121274787
32,1821683.1204682172
25,1486514.7617375418
39,2146397.3073976487
21,1251925.2249953793
18,1117649.2230013162
19,1148532.9041084645
38,2121742.2039697752
18,1097114.1659379194
23,1321946.0674274059
23,1332593.0596468514
35,1952117.7416416435
16,975781.6432960072
26,1486067.3895726753
25,1460572.3344310916
38,2080629.3015389598
16,995771.248094438
17,1055131.370069624
34,1889510.9157434192
22,1283155.3317439456
33,1833692.7441523366
23,1347537.0718981274
23,1344057.6485260383
18,1122260.00412093
19,1118238.5067771478
36,1984104.8237659403
29,1657747.0809598884
22,1297498.0255833643
39,2163931.5633495264
24,1382481.5117183654
39,2148899.440672194
33,1871250.6703261985
20,1170949.7656598615
25,1440924.845304745
19,1186467.2394540075
26,1475663.937475298
26,1514628.0328743644
26,1468968.1999500485
17,1053181.1499610818
34,1921975.3524472595
21,1212961.1129557579
24,1386919.099300408
40,2169346.510863058
29,1634244.7391968346
19,1139837.2977620114
26,1490233.411518573
29,1647342.263907552
19,1151799.2082309641
33,1857269.2497292957
21,1244595.1584920324
23,1363328.7745030422
30,1705884.8768931713
31,1735349.918893521
35,1934686.7260644538
26,1505082.9085538057
32,1784885.7708163727
30,1685649.9915554354
25,1435392.3974653748
29,1667325.4582389302
20,1201651.0807724064
32,1791270.2181739118
22,1291893.7411441926
31,1731508.0051613154
33,1873101.5994439712
33,1872969.905971607
28,1608887.8680715535
27,1558623.6625207847
35,1973678.7824778366
28,1579839.5008439422
27,1550537.8412345038
24,1388867.0557141658
23,1359449.020287106
16,1008182.2039826008
36,2011162.340238993
27,1545583.6242889934
17,1071305.587433984
32,1818827.6390098068
25,1424099.206463372
32,1803571.5418889644
33,1848881.2601187916
24,1408047.3069683965
35,1938996.1884961105
27,1548261.5612594571
29,1624147.303960042
26,1483514.015835648
32,1758712.7198031584
28,1618886.4470423653
35,1947690.1210462933
27,1545624.6742442122
28,1609488.5887968685
28,1582552.2978341242
20,1211333.6781394216
33,1839973.9134329942
34,1867494.616967778
17,1059263.2174225457
23,1314730.9878870219
40,2219119.9721128023
39,2147815.473387425
31,1753222.6670356975
34,1896580.5742193414
19,1136198.3646679844
28,1597473.0879427087
30,1680452.787606141
23,1322630.1713295523
20,1173953.5718979994
35,1952599.32584232
39,2176859.8530486124
37,2047624.755502652
29,1617860.8270289088
23,1313237.3106308945
21,1222104.6187938
38,2072018.6491858694
22,1315611.0637864554
37,2050010.604150662
35,1971891.6863163477
35,1924984.808306817
36,1980425.7126116084
22,1287392.647065057
19,1158168.4337247715
28,1631211.5054037625
39,2112658.796382101
27,1565904.6043728744
28,1609173.5051084782
30,1720313.1212509589
29,1661771.4003127543
29,1647475.1124113044
20,1191151.4485044077
26,1487467.3688097494
18,1120306.636487637
23,1349510.9636250678
16,1025492.8231239079
40,2196686.883747517
29,1681137.8920019486
39,2143015.434009717
31,1785921.8929130475
19,1163429.990570005
19,1183876.562552441
20,1192923.3992486517
27,1570113.9318233859
21,1231533.0721508074
27,1557217.8372611816
34,1906974.3945097895
37,2061209.1554991761
22,1324625.0575871202
38,2085570.2070551144
26,1494984.3493164445
21,1244442.4858568746
36,1995172.6109059728
34,1904767.1018655715
18,1112845.0430017659
16,1018643.4875448176
23,1344640.7638449
34,1910381.4142584363
23,1379298.0073815046
31,1738931.0297309768
40,2182038.8424371895
23,1340582.5224056847
28,1619881.4634001178
34,1867349.6191599516
27,1543241.843038235
17,1030178.5142795069
36,2001451.4616118204
40,2202110.7511441004
35,1940942.6262924173
24,1396438.668067196
39,2127073.9818854267
32,1818099.198971681
18,1108675.382444289
29,1648069.623938103
32,1767386.847555012
26,1522818.0223681722
35,1949903.4325544678
28,1584251.9121340122
27,1540599.2883654735
16,994190.736517191
34,1870754.8218379754
38,2116612.4709507967
18,1088348.9971330366
28,1572549.715656512
31,1783298.8570234536
40,2173758.358096682
22,1335411.3521807396
22,1293535.2104072233
34,1880350.894826648
29,1667563.0382384765
36,1963624.8446175216
16,966148.7865285678
29,1635700.5334006092
40,2196635.4057454895
28,1594809.7355103581
17,1068859.1151221932
26,1477553.1925849488
35,1964091.528341151
39,2128012.929870194
29,1667386.5085376522
34,1893949.6477237155
36,1972920.1152801118
22,1313332.3725792568
19,1152632.5862285835
40,2152279.1705527185
20,1215285.7238474002
26,1509086.066114796
20,1182548.0793957268
22,1311357.7830822323
17,1020825.3874939443
30,1689292.8239345814
32,1820985.366977716
40,2177235.491004995
21,1219907.8954267213
28,1613463.2321008292
26,1515785.8875588807
21,1249783.9522113332
37,2025769.9221778421
17,1057218.9742869735
27,1562118.6501529359
36,2007963.7982257796
16,1008063.0920231116
26,1510497.8072863398
39,2134538.1300968984
16,1027577.7339921242
26,1480400.8900603075
29,1644556.320106621
38,2080463.8047276975
39,2174832.7452579746
26,1524667.351001611
39,2189097.9918329525
38,2084172.9586584917
32,1829155.733894228
33,1893350.2895312433
18,1149880.4563276381
21,1264942.4647645955
30,1685337.633374348
25,1441053.9038599706
18,1116404.323097665
31,1758799.4312430236
21,1249989.4097298826
36,1983669.1274760657
23,1389965.7796668266
29,1650368.9715744043
39,2165558.684400551
25,1504210.9353769277
26,1510596.0303989507
20,1176907.961734565
27,1579910.8803040348
30,1708104.8018261287
37,2062134.6635482346
24,1406979.5311333812
39,2116411.5253002145
38,2090798.598907456
29,1677461.762652123
23,1345688.7325067483
33,1894694.6647457199
18,1103165.9407443583
18,1069097.381897767
26,1486701.7034392129
17,1056258.8267297992
33,1855866.41743371
38,2102527.591087785
16,1001165.2877450298
27,1570603.310169708
35,2000154.4957101387
19,1148733.7245979481
30,1674768.498752044
23,1356552.0116854226
24,1411892.7245000815
24,1398198.556083828
38,2101627.3988790745
27,1545318.3585383971
30,1709851.8310328973
38,2096051.5616467074
27,1546134.9998633633
24,1421962.965043755
24,1403116.501392804
27,1561758.3589182724
25,1440715.59921556
20,1177405.599313699
35,1985953.9967558961
34,1904043.4499397615
22,1296934.5241907553
22,1293076.758627306
21,1235211.9215993097
27,1550355.0194441434
32,1782030.8228084513
36,1979533.774384682
37,2061914.9581342344
19,1179963.6126035298
16,1006074.6366167881
40,2227874.2229763465
28,1579539.5193701498
29,1633714.2489385344
22,1324043.4766286178
25,1440451.627571846
21,1212853.7347254595
23,1363519.696287079
29,1686094.0439251189
24,1421841.208335602
38,2116977.3307207013
25,1494224.0514851245
19,1162090.807982647
39,2188498.7361954045
25,1428946.3165576693
27,1569806.2076164659
21,1248765.853042523
20,1166844.863191522
34,1874711.0931142147
29,1635727.482463082
24,1379340.4154860293
20,1201411.7915083468
34,1923991.0893965166
30,1723053.6575496313
20,1209807.3719880376
26,1456446.2476380933
39,2146681.8028979786
40,2218531.2013843413
29,1654457.9832600767
16,993018.1167332017
16,1020957.0220909598
36,1989512.4666612402
34,1922628.4874100545
36,2010086.170036932
37,2058569.9295798647
30,1692507.394098449
35,1957280.821622264
20,1193071.274956298
29,1668301.5704874843
32,1770395.7467775038
26,1511589.8817587108
34,1892140.6227176546
36,1987539.3221016456
25,1426402.052704745
30,1662372.5503523
19,1168728.58558933
21,1257354.0645835942
30,1723031.834126473
27,1557018.2593962022
40,2190095.027596127
38,2114708.936272101
33,1829014.7883094242
35,1932367.446350474
30,1708649.4981093684
29,1656247.4657384015
35,1952041.8870614937
23,1345501.821363028
27,1539695.195117362
27,1521800.9301997111
20,1189875.4134418615
22,1299546.0094012555
19,1156459.0479809367
38,2083992.7087781623
32,1813826.1386018551
26,1478821.16623537
29,1655736.6174029335
19,1170511.167114354
21,1281574.23542612
27,1548809.9894342653
25,1490982.9207169341
32,1775411.9819603066
36,2004007.990009606
30,1725450.6626797325
31,1789473.2178836572
31,1782438.4825591047
39,2130313.377928554
37,2085039.5820932593
26,1517872.6708921888
34,1868153.6507890038
36,1974141.2989199685
36,1984536.0976631425
22,1278345.28235952
28,1630882.760024133
28,1589348.1399815711
37,2030694.9896253692
40,2188817.6136278044
21,1225401.1102348354
35,1948342.9774666491
38,2126125.707730386
26,1463945.328998906
23,1369306.8258462814
17,1022423.8253443955
27,1541198.40656499
22,1288235.652966081
33,1852541.4532485902
30,1651090.6795996942
24,1378105.890342275
31,1761225.6105280244
29,1654518.853881781
39,2165420.724335196
18,1116659.0241524538
32,1834750.848659742
19,1143758.093599074
20,1214629.8861960974
25,1443444.0039996833
40,2174806.2338669864
29,1658216.3117839892
24,1396567.9880324986
32,1792363.9767124564
23,1371654.9165057885
29,1616903.1376998415
32,1789516.3418749
37,2053374.9519045637
37,2035760.3848363063
22,1282618.2528104517
30,1702279.221576745
21,1263025.3261002137
32,1785618.2904222307
40,2188550.4840173083
23,1304426.2199310928
34,1860900.629114844
35,1956497.5524881366
22,1314220.0983827284
37,2059259.3199909227
33,1814266.7094620897
34,1909743.2363565133
40,2217420.0635316246
27,1574794.1381413825
16,1004101.6015908828
33,1828106.0722593826
28,1602419.2892140546
35,1973942.708450543
40,2190196.0777304396
16,992596.4197875985
37,2044408.1769296494
37,2049516.1022353729
37,2022496.2516578345
38,2106845.3084954396
37,2043879.7975380637
27,1562195.5926794535
34,1885274.7021971561
39,2178072.139558002
30,1690326.728757242
37,2020965.891724692
34,1889442.0334534831
35,1924428.79533768
36,2002828.746384383
22,1310454.3963903226
25,1429768.455408796
36,1993562.545796201
23,1347431.7483433739
29,1663395.0819342383
31,1754222.2148724226
25,1461328.157653432
17,1045262.0488177341
39,2156214.2640348584
16,971394.9343351526
20,1185009.001720695
25,1487919.1059969661
26,1526727.6947486384
28,1573402.1795511884
36,1995185.209176926
35,1921073.8529093978
26,1515791.1250839382
30,1696733.2679559628
34,1915864.529631118
19,1129246.266246586
33,1847478.489272602
17,1032396.2410172756
28,1621099.121894386
26,1498059.3951528955
26,1471482.7342433743
26,1481149.414655446
37,2050608.8784735405
21,1247584.6284665198
29,1683759.9088293693
21,1262504.165191998
28,1595230.3183576316
25,1471167.2302364614
19,1131102.2076479548
34,1913805.0026915176
36,1979765.4254149739
34,1898309.032835327
25,1458155.780119158
18,1125551.530430864
32,1806599.907079979
26,1507845.141541423
34,1878538.6134587538
20,1232489.956919135
36,1998071.4494017544
27,1575217.45010167
25,1483858.2009025542
38,2093427.0476822099
30,1675558.160244805
22,1286585.381879652
30,1685838.8167993885
26,1487388.5521685355
37,2043277.507947473
28,1633282.3221753922
37,2041453.1729061038
30,1657499.7975019396
19,1162679.0586641906
20,1192169.3513248914
31,1764210.0482732728
21,1253791.0169182832
30,1699775.4631182675
37,2052691.8345890476
21,1236993.9420336543
39,2157862.8180629485
35,1963865.4368918438
29,1646276.5787467177
32,1802744.7425793526
29,1627638.3203534656
16,1012359.4151510788
40,2172394.352116921
35,1968642.390505107
33,1850186.0584664096
33,1864053.3636989016
29,1626543.0228943184
21,1253272.8569475617
22,1289094.9706266487
30,1721482.470204682
26,1523831.016253003
25,1472166.9515576009
33,1882620.910878159
28,1598194.2050778638
20,1179086.1699822089
32,1786343.1745106897
37,2063699.9614553365
30,1716607.9549821508
35,1961329.3104957242
22,1304764.0130812402
21,1269220.553532398
34,1902547.3460929645
30,1680274.0969085514
28,1625111.5473183878
16,999474.6114065606
22,1294915.7156548437
30,1725456.4160745817
39,2159194.8939889763
37,2056538.1925123064
34,1885202.9097950417
38,2119690.4594598976
26,1485674.508666603
39,2145365.1822670875
32,1757279.729011213
33,1892660.4353989842
23,1352164.3520326107
16,979168.2606057317
20,1206989.024465683
25,1457618.6989369714
30,1675817.9085275612
25,1464551.7381488737
16,977439.9358311294
31,1740875.6429577358
17,1029234.1409930696
28,1596336.2580286886
16,959635.1182840066
26,1507521.470633916
22,1315452.2932615317
24,1406993.6784983359
18,1098213.1853267497
25,1486886.0834640958
23,1370157.1486097903
33,1842585.9079422515
18,1101169.588461166
30,1703424.8164920115
31,1749273.0775266618
33,1843946.1953609928
24,1378149.2803245578
23,1335439.5201036045
16,988016.0452993416
23,1337286.659810055
34,1889240.3614568838
36,2010839.6835001118
17,1086214.2332583675
30,1699662.2135527036
36,1995534.2585118345
17,1014506.9612632552
34,1893149.5830260122
30,1713951.8610377652
37,2050053.8165282938
40,2214428.247471186
23,1342890.666651052
20,1197952.805320205
27,1541618.6058570847
24,1396505.6093978772
18,1123644.8034015398
23,1373436.1736143006
30,1679121.6871735512
19,1155612.2975390346
16,1024842.7723725516
38,2077431.2872739055
17,1048287.6712217106
23,1362603.0683885664
28,1620189.7010696183
35,1949224.8997995537
22,1320916.6118352138
27,1519702.1118557814
21,1242529.5210245461
17,1013622.1720921829
26,1490762.4146572617
37,2019897.441146587
30,1741549.9966382456
19,1188999.245974123
31,1717728.2037608116
17,1101371.7503818036
20,1191062.3519678405
18,1082767.9775764039
30,1688708.82327136
21,1235609.0618208374
40,2187763.902330804
24,1412448.8209351893
24,1409542.3907575894
37,2053939.586091852
34,1869503.4403343215
32,1780961.5116801236
20,1182340.5618777205
26,1512842.5659236903
34,1875500.438214837
40,2185922.413179004
16,965472.3352955843
23,1341198.2197882573
36,2034865.167497394
34,1877651.8391243212
27,1561328.1735479494
22,1314175.8720381048
35,1983219.2610812166
16,995322.3897816413
26,1492841.294916047
24,1409405.3981172896
17,1042856.1184383857
32,1771665.4093067173
33,1846486.9439172028
36,2049229.528280483
19,1128796.9220480346
33,1839870.457702297
20,1220073.249774756
38,2072428.7171279578
25,1442859.3470129368
35,1947513.343583022
29,1619993.8221829587
17,1059243.5124550043
19,1124720.7191487048
19,1148440.3899621114
27,1549607.220750099
27,1568408.2899668121
17,1021212.6344896238
22,1259544.4875725089
26,1513506.3731598621
17,1064967.3476717493
24,1410052.8869750602
17,1089527.774736624
30,1703970.9511090098
38,2085342.6123354281
24,1377000.5073460913
38,2101432.420570214
31,1777646.5489179292
25,1467082.7556795476
25,1408626.4609222834
26,1482477.6233660171
39,2171183.234634837
36,1990440.8217486488
18,1110689.7590965517
31,1753885.0430630755
16,1003026.9386731348
20,1176009.823448845
16,998811.9453865464
21,1268094.583003128
34,1897409.0272443134
16,986075.0534110942
21,1253235.2479247183
27,1529388.851921537
16,987178.092345183
38,2078764.2782012573
35,1960950.7488975967
19,1151657.8112283924
19,1185894.2738282918
26,1531454.7189958848
36,2007294.582745854
34,1884939.0652161355
40,2188659.660898369
30,1644622.5355707128
18,1089491.6067887533
26,1516626.8274021656
32,1817915.6102207452
18,1096675.8017283785
36,1997929.8270314054
38,2104818.414249123
26,1487517.7733125186
21,1265601.166722607
23,1343477.297805901
26,1516066.2844724853
22,1311596.196880964
24,1375650.4629427579
35,1965266.776950632
35,1950170.9998673762
19,1125849.4517653126
21,1267846.1697545908
16,979814.3494150124
23,1333072.882703304
36,2018937.065070303
18,1106452.4485903184
34,1907722.9380198438
35,1944216.7120317877
36,2028587.8528020263
26,1490759.4701372301
19,1158036.9489412962
38,2124030.393544696
38,2091994.2673963697
24,1416450.805003234
21,1252683.3956696242
23,1350268.0371643608
23,1337574.519724549
37,2027492.6921646185
23,1352017.1619980875
37,2027428.1291058143
31,1721134.7322465335
22,1284754.6864947225
20,1211926.7700118825
16,931108.3190046421
33,1856408.9152956968
18,1132920.1065397558
31,1759133.597195645
27,1572984.0627534108
26,1484058.6969630064
25,1419618.8345015813
40,2236787.5113245444
39,2122988.999025082
21,1249369.2243580446
36,1951481.8319013065
18,1099979.7353492677
21,1252281.7482914864
40,2209473.437816336
31,1739156.2946318132
22,1291906.6626066794
29,1659674.0278721703
40,2207542.4688254045
30,1700742.1627205613
31,1727090.2217323643
32,1793438.607531488
27,1504622.6984924534
40,2179902.261833603
39,2139377.155832848
32,1792739.6999126372
28,1572229.9306388926
28,1605968.6247235013
39,2144948.519240176
20,1196358.4214130295
22,1303194.3276879108
26,1482702.9203972404
32,1816670.9223613034
18,1092572.2671762514
22,1311031.4792575345
35,1964396.5596186274
16,1010244.1202825566
16,967086.7955255139
36,1995307.6392295822
36,1985482.7191501355
37,2036289.8641543593
31,1754512.9385142238
16,1036762.9702953214
26,1503363.4844956268
31,1762031.0000468784
27,1580797.029730605
34,1895691.4689302908
32,1776768.6973352463
38,2131242.7539690565
38,2074290.0887573278
18,1113427.1394989626
17,1044134.0895558918
40,2223238.131260932
35,1906274.1350874614
18,1089152.169810634
19,1150481.5481296782
33,1846433.3404630169
31,1763926.6176280342
35,1938724.4604200905
22,1334118.8055741754
33,1867891.4198022953
26,1495658.02551879
28,1600393.0019027314
16,982511.4318184475
33,1843804.2487240278
33,1839722.1974211808
31,1761403.4500821703
24,1434410.1042921122
36,1996597.6161773968
39,2131896.4988651285
26,1495053.8298878488
26,1517878.9664361198
38,2115772.2223853045
30,1700610.7660916368
23,1335431.0917571727
38,2116575.9076032136
36,1998591.5286107382
27,1569116.6714616176
17,1038863.0141635373
30,1692907.8196836521
27,1521691.8418335405
19,1133514.505192983
32,1811709.7246449217
31,1765365.9897731687
22,1278796.7025641399
32,1791516.894835381
28,1575184.8811180496
29,1634470.2589599178
19,1138142.7454144065
29,1651376.0725139014
26,1506377.71728491
22,1341040.3924752658
27,1555479.76945746
20,1188810.585137022
26,1500247.2226381053
28,1622501.0697937524
31,1722395.1471337767
29,1622134.349892892
23,1360810.2342253258
27,1529434.7120135727
29,1643208.0768843768
33,1825860.03440694
31,1736027.1160825384
37,2037833.0279993508
19,1195227.2964958414
19,1185639.191626615
30,1733883.979491616
22,1311717.43313755
37,2021217.9837771608
35,1983674.9624524997
16,988238.7249175857
24,1379574.9283303479
28,1602898.6450415342
26,1504014.137163232
22,1298872.7779756216
21,1251566.4138347786
35,1923317.9538303982
19,1142020.7044934616
30,1688713.7352447752
40,2241523.623795215
23,1353063.4381451916
35,1913427.431793252
27,1533403.6323558495
37,2084424.876749991
29,1624385.6512656324
28,1542503.6813375591
37,1990283.5493178016
35,1989969.3174949186
28,1613929.9984859093
28,1581257.0158697374
27,1528365.5603058655
37,2048556.0892680658
32,1814329.304086208
30,1700410.1712803268
32,1835677.136758015
36,1960600.2291220478
34,1898429.1395165164
39,2138797.1670962423
27,1521958.0800791448
32,1795164.570084025
37,2051148.5154955937
23,1344250.5773588833
18,1097426.115229106
34,1908514.2918916983
40,2225719.9472935656
20,1230431.1881900441
22,1302752.492104146
25,1495392.251385704
37,2035019.5020147692
40,2218714.2929142797
38,2100824.6193051776
26,1485285.3984030974
38,2076262.2705067857
30,1691007.1581865572
30,1709530.9261847732
38,2088738.045870416
38,2127016.373340838
33,1847221.763745898
35,1949018.9145307727
34,1913907.542957213
23,1338235.2074468636
22,1312638.6082077918
18,1070844.0324384447
20,1219936.3404004644
23,1363867.2401931132
23,1384594.2558149847
17,1053857.5737805045
34,1878300.7739308684
36,1977928.809380482
27,1573304.3276415071
20,1243739.5167788966
38,2098652.579055393
27,1542044.0918834885
32,1835847.837568078
28,1603713.0707089053
31,1742912.0411161229
22,1263985.1385315028
29,1651174.4098448907
21,1286754.912615735
16,983511.9325922746
32,1803876.8158882102
32,1786275.060639611
38,2110939.1903003207
37,2055117.2273138014
26,1543402.4828586169
16,1029556.7260001655
16,1001965.3412022098
35,1959480.8333489278
32,1783441.600246358
33,1845137.1909282461
33,1838495.677846983
38,2105120.875187965
25,1468027.1716549378
21,1249774.1830607834
32,1797934.9273907817
28,1538341.6047388627
40,2217668.2434818116
32,1819757.877618969
28,1598647.3892144796
23,1333079.507689344
39,2133963.0601992
18,1101495.3083178974
26,1507586.8869836123
40,2240287.804664039
20,1178992.3691720248
36,1985734.6654180868
24,1369118.5046804165
32,1766245.7889631323
33,1848342.2092728396
40,2211187.401346147
40,2210567.541897305
20,1189262.617342584
31,1709071.4060090324
19,1144253.8923531978
16,997576.490572479
26,1517475.325081124
31,1747421.83447865
16,1042111.7607368301
23,1355376.6034099096
35,1969539.2830085743
30,1687816.6357691656
28,1606228.5874760014
27,1575549.8452629496
17,1011504.472921382
27,1526458.5698869952
18,1077944.786454653
21,1219412.2786838345
30,1733751.4024161284
21,1227111.9292771313
27,1532938.2000552968
36,1983522.169105975
37,2057613.8193703333
38,2122627.7352391663
36,2023164.4533759193
33,1844741.4551228879
33,1835962.5899289807
23,1378515.9094715451
32,1799391.4567019471
24,1404302.0846884293
29,1652735.8351216458
35,1986293.5069785793
37,2033508.907157342
33,1861456.5624677532
29,1656578.0233856947
28,1598598.323979447
17,1049281.207960774
23,1380694.4188655934
29,1626112.1241491486
23,1323409.6867369702
20,1230042.3029598922
32,1819090.2969320568
25,1488338.5358300065
27,1536259.9853217218
20,1217707.5510579825
16,998760.0438126192
30,1726207.3779914612
31,1770058.1973789616
24,1352065.2846110552
31,1717018.673372816
29,1658043.9783199306
17,1041340.6118858252
25,1459168.6433797106
33,1822428.0322462264
34,1886848.379974488
38,2090238.8827153924
36,1982114.5599169289
18,1098087.6216656682
20,1192108.970122341
26,1512904.2434620715
32,1780774.4315539068
28,1540512.008744846
26,1487774.3492586608
33,1874075.6430605089
19,1088742.6375365139
29,1629830.0674938671
27,1516838.9656632962
17,1066411.0988054269
35,1955923.9400406603
25,1467201.7902853214
36,1988621.7480410414
35,1961518.2333582635
37,2041795.309969207
17,1039652.2508463325
22,1274551.9428416393
26,1526918.2249746427
16,1018237.4145768718
17,1040336.8288940538
26,1472655.74217396
20,1227465.1028328096
31,1721324.9933232642
23,1376100.2097769284
23,1354102.9341781684
18,1075049.2307880535
18,1104070.4596555303
26,1515282.1644736754
21,1246862.3473096152
28,1598935.1840272185
39,2178922.082198863
27,1526732.1779180954
21,1252680.0895233583
27,1520293.5790398708
35,1945912.8112692744
19,1164465.2611964755
20,1223299.9054785904
27,1528214.837597234
23,1345947.020133996
24,1397297.7393818675
34,1914561.3705086345
37,2060552.1302977852
20,1199941.3914834948
25,1464686.8057694386
21,1275269.6668836463
32,1814170.4810821963
22,1258474.0875301668
38,2095189.576514578
25,1435492.1148474352
38,2137657.4735293156
39,2141563.647878663
35,1964791.7827284362
17,1052630.139089057
21,1267826.6513252608
39,2140192.2478047297
21,1242730.4999207736
30,1700042.9816085538
25,1453422.2779706253
36,1956149.2031759117
29,1668901.6170523595
37,2068951.7913482909
37,2043362.9117785168
40,2210479.296205481
35,1954910.7676954644
35,1927807.0481198241
40,2200128.404770487
38,2094452.9347613796
28,1588612.6879261383
16,987250.371013657
25,1441037.5838468892
29,1619031.0362855138
36,1996486.4420135727
25,1455029.7306203563
34,1951480.4725054675
35,1927957.2594147294
32,1780425.45274507
17,1046375.6034738905
18,1077568.1797669376
23,1339915.471637527
38,2129566.5820088047
39,2114568.352821029
24,1414163.0511624794
23,1354725.4154117804
34,1883079.5774341528
23,1358103.502803851
31,1742699.5918694583
28,1625128.3782771528
39,2128295.2941771573
34,1895943.4407268
35,1963274.3748737085
21,1312037.7160748972
29,1639076.1509770555
16,980348.790184712
37,2065054.9314299668
37,2084364.7448290277
33,1861424.145403009
31,1746501.402359923
38,2087006.8489918374
24,1444758.9726997402
32,1834197.9851185477
24,1396011.3997336072
28,1584576.744758001
16,1025619.7535834524
23,1318270.867108956
30,1700994.9050157566
36,2005141.5039734987
24,1382611.8311029065
16,1012782.355460667
34,1902651.3941979131
36,1990741.2026568162
27,1579743.343869164
40,2187174.659120003
23,1354579.398713288
20,1221988.328819397
26,1523409.941868535
19,1171838.1287152371
31,1772774.0160616788
38,2071729.735804846
18,1100065.7156889818
17,1040975.3822218714
23,1378389.269456299
23,1340798.1815971222
24,1380064.5849638968
16,997589.4661108456
20,1187009.8501952735
21,1230984.3210919565
39,2133428.916931328
34,1922207.8194471493
25,1408355.1751274024
31,1776208.5900166302
40,2180483.2332552997
37,2067847.467490229
19,1144401.4434759428
23,1388601.8906698683
32,1793156.9532899917
40,2168677.70372584
25,1448882.617402431
36,2006306.8403557315
35,1940133.2457080006
16,1025535.9437938895
34,1891244.0900325626
19,1163420.24854422
20,1187600.926722143
21,1246289.8720362056
40,2180490.635232595
36,2037418.0559089445
35,1921224.497455196
23,1349599.6593993816
21,1237059.6675609709
36,1993348.736370433
26,1523473.721014912
40,2211107.8981488463
35,1995453.1798178665
28,1595610.1946985002
30,1694067.36471504
24,1392014.178765002
16,975338.9791978174
35,1939173.712891287
32,1795058.6394034282
30,1706812.322493509
31,1768505.9912793916
24,1395834.8233378443
32,1840809.8682864907
24,1391027.2889428728
30,1734633.1318865079
27,1523195.832299379
22,1293354.7568742586
18,1118396.0868038398
37,2049518.7641267986
34,1895995.74380755
36,1995179.2911490402
16,1052298.1839917267
32,1805884.8711453532
17,1038224.6834404565
34,1874822.7307473184
20,1217080.6412247038
40,2210358.0837635626
17,1028737.0257968915
21,1245354.7248392226
28,1615298.0111053651
16,1021549.5708543936
35,1934115.9123680063
26,1501099.1689934493
26,1521687.199126539
40,2194269.818892436
31,1738660.0332811752
19,1148720.2868874287
31,1776747.3528580482
39,2173115.0207499685
32,1793242.0582659082
30,1699835.7003916702
19,1142345.7553475408
21,1252695.9120829029
25,1459834.9638440334
26,1499306.8729717403
32,1824485.1374429197
35,1943580.9399856732
28,1603440.6227356093
36,2005488.711387884
25,1429299.9553971826
25,1477940.207700892
35,1948797.012984369
31,1734114.8531080147
26,1483808.1083408885
30,1698633.0442327608
29,1613658.259417597
38,2116363.818101456
18,1098018.1270181502
24,1384832.9297999418
27,1538895.481116596
36,1985332.113306439
32,1809565.6140146037
23,1390879.139424252
32,1811447.902160587
39,2182108.2008597264
26,1514490.4718804113
16,965193.6086933116
27,1547611.3786420366
23,1364042.837046083
16,1017926.3363235284
22,1326494.739312545
32,1777823.1723742546
40,2168753.930261517
29,1646815.9812874594
22,1294647.8598396175
37,2066855.6764901273
37,2023498.807343493
21,1224728.2287599815
17,1038709.8566877262
27,1508677.103899577
18,1087617.2791411732
22,1298973.1428331006
39,2181567.26137807
33,1866239.9702557034
17,1044077.0881561821
36,1979951.2905735918
23,1349198.5225090575
27,1578487.6032644266
34,1863704.765026496
30,1681197.7819793057
28,1608694.1573754079
22,1311581.8780701747
27,1530775.7155909229
26,1510182.3513810195
29,1622632.2351853428
39,2149226.956432178
27,1527547.5362282337
37,2004582.182141995
21,1233494.1964752532
33,1870909.6985102475
30,1663110.0601237793
23,1334631.7079702194
33,1844116.9513030888
33,1821897.66915863
16,1019066.0710328557
24,1402510.3924109524
28,1603939.5961093048
35,1937054.4415182536
28,1621498.566891727
38,2123662.1081709615
26,1496006.604016543
18,1135218.0477225522
19,1151586.9576810345
24,1421683.766940322
28,1607362.931103968
31,1745461.5513291636
25,1415759.1321250051
30,1707196.5133257378
34,1880412.4399162142
27,1531146.6129570785
29,1630870.0837284727
29,1674981.0433597234
34,1873008.0641802722
23,1370771.375948248
26,1507809.4928662444
20,1192091.1241137204
25,1407900.3010832416
19,1160321.521526781
35,1960066.3472810837
34,1886507.0356363535
24,1414071.608921155
20,1225324.1755618914
21,1260648.0261247572
32,1729415.8009395252
33,1859380.7177349217
34,1839672.3750695959
21,1236024.7316237036
24,1394071.2798650393
38,2108313.3193986625
26,1483857.7295871736
16,972953.339615272
25,1472627.1430450664
38,2116093.5485626464
37,2039117.9563677197
35,1967099.1950632937
33,1859731.9799549722
38,2160596.767777443
24,1414223.0031386905
37,2024765.2181890463
26,1523004.475169949
39,2138202.261186044
34,1901425.8922699487
20,1196993.651011472
16,992326.8811389466
33,1846820.6378354158
24,1440775.4737763577
24,1381808.7424750456
35,1971629.478487112
19,1159258.9801948743
35,1963435.3443317492
28,1592583.3023662698
19,1120907.4480592778
34,1917769.0886194084
35,1933774.073304265
33,1881826.3096596408
17,1089229.0364752728
38,2089413.126072534
18,1114892.0275242575
34,1904378.7769414326
21,1291664.2191811807
40,2180328.3900614637
39,2150999.519494132
25,1441685.4257131594
29,1661702.7891492215
20,1200176.2478301371
26,1533987.3579509081
34,1871706.0140958135
19,1175615.4663228635
34,1932436.1385661764
23,1312852.2633257017
39,2139015.9073714926
35,1957113.8676422741
30,1686426.4467620805
34,1874777.5253730572
22,1290650.8707901586
38,2116014.396606822
40,2187151.4664058313
27,1569122.5582955012
23,1342181.169390354
19,1141737.8009440657
18,1095780.7544125863
31,1750406.1601312081
17,1040296.2263766571
38,2098415.9191802396
35,1955274.9396468133
37,2021760.1484569956
25,1491355.250130278
25,1463419.8659089417
35,1927204.4548639578
16,1013213.458260045
30,1694617.1910152396
36,2011280.9773048714
29,1615321.5519354069
34,1884896.3568359718
23,1343012.6178896057
24,1363240.507215815
31,1746815.7922512114
23,1353617.404528313
38,2075727.9444372172
19,1187643.6058734604
35,1954096.8332367314
26,1485807.5249181176
24,1398821.7444100538
37,2041473.968239724
18,1081928.3033901968
32,1813700.9792730103
36,1986841.5639803342
18,1115531.3110342314
20,1204104.6218340595
20,1185216.3092435636
39,2164680.5308834435
22,1300167.345065129
21,1268376.3813357009
34,1900272.3883663
33,1837034.452518458
35,1935118.6157416303
25,1466388.1224172958
30,1692799.8328538018
16,1032544.6228332714
20,1162478.9825792436
18,1088141.9197134145
17,1045705.0667080056
21,1261842.5430230675
17,1034586.5435414481
17,1064310.76103408
21,1255050.3982063443
23,1306144.6191498293
32,1801409.4323297695
22,1313710.4385294565
37,2058207.3740534307
25,1455514.7962581348
24,1425704.472338436
31,1725969.3941540613
23,1363740.2191622476
38,2084844.3886537007
34,1933584.9897549222
36,1979515.4945780393
30,1706040.8231020065
38,2099004.917048103
40,2205976.960888768
21,1214206.5195522376
35,1925834.4011066828
34,1905137.2408581425
36,1991342.3625363805
33,1839108.5853621017
23,1331462.9127059241
31,1773766.998412107
25,1436463.833964026
24,1422308.053261939
26,1500978.7678541623
24,1398254.11710241
20,1197955.0581422863
19,1171857.7511568181
29,1648848.9067506816
33,1871674.6156121474
16,1004807.526711069
31,1766626.9410203826
17,1044088.1603356468
39,2123901.029222127
34,1884937.5121241808
25,1448355.6641176008
17,1022244.9287659948
19,1151441.8960167952
21,1241180.662165134
27,1515860.599904311
38,2097841.244068132
29,1608072.411261791
26,1521144.8274502517
40,2197379.791308932
23,1312461.6804775854
17,1066229.8748394665
33,1869953.3822719606
21,1248905.9636956293
28,1581331.5492439866
34,1903277.6153815207
31,1734244.0222274666
39,2136914.5262803133
20,1225426.0223243537
29,1617877.8862041903
21,1273929.9695637259
31,1751728.8627673637
19,1179703.126898757
32,1799144.2885274945
29,1628956.155973473
34,1908084.3027203796
29,1642121.9625431139
31,1756847.9919590186
33,1880419.0746678212
23,1344283.2058088675
34,1877407.5720851934
24,1414778.918082469
22,1310797.263889532
33,1851450.5610527194
19,1128517.2530552018
31,1784468.215138766
19,1135396.674282687
19,1144337.9136868776
35,1945443.735725735
40,2181609.8753552986
37,2032723.7356163934
22,1308288.4665895728
39,2130928.5837061196
28,1591264.0887978433
19,1178148.7822783445
27,1535863.032499014
34,1911537.706211973
35,1959412.9917220813
31,1722368.4165294184
39,2141043.306758101
23,1375040.8712739733
36,1989967.428872562
36,1987357.694141206
40,2240607.268820062
37,2068365.5224278464
16,995186.5944272856
26,1496733.4743636916
17,1066081.927843309
27,1559989.65054578
30,1692537.1145410752
17,1025617.3516430479
16,980860.3386632378
32,1809720.9013653565
24,1413770.291962297
36,2019877.6920695584
39,2132182.517196272
25,1461668.6549887576
19,1139986.1595230121
40,2196366.9774275287
34,1876282.5953951012
38,2093894.930848653
35,1927081.248633198
31,1708238.3366070502
23,1369064.0976698257
23,1345463.065466031
30,1677060.7454346714
27,1554793.484871926
33,1861983.4831355999
40,2227770.926033142
36,1999253.5324190052
22,1259066.938444066
28,1580774.4802808666
21,1221787.7979857814
31,1720053.0650255946
33,1802702.3638113777
19,1146710.0827185416
35,1973994.7477128545
34,1864156.500850037
24,1396792.4672810948
20,1226620.8793357667
33,1864127.6029284918
23,1368512.892427882
21,1236863.135557248
39,2178978.680495017
35,1954692.4033017932
37,2010670.6705821091
21,1248880.1401660386
37,2067336.739543227
29,1637326.2403172269
22,1296340.5303247909
33,1813560.8354086385
39,2139661.2673568563
24,1393324.9827752376
23,1321970.9770455165
40,2204286.26971843
26,1500728.8745165262
22,1313630.1197163824
18,1118991.1559808967
31,1742376.8938459514
29,1645494.9561496684
21,1242469.5228930982
25,1402524.4789292915
25,1465266.6822476897
35,1937327.358301097
27,1577489.4243198084
18,1066337.1004410356
29,1634798.162883664
26,1516916.1064749015
35,1958070.4469490785
25,1440441.9692045313
24,1408576.0643566782
19,1140265.1860666834
38,2138405.898104644
29,1676108.1239358853
37,2029312.8445981261
34,1882497.807156106
20,1206812.4405698243
25,1421749.991987694
33,1860611.262462633
24,1403043.8576354382
19,1176881.4991534709
22,1330047.1094255198
18,1122524.324635567
32,1795250.3151507033
32,1761899.9068369237
33,1889699.1002756758
26,1501319.4900621201
27,1594911.3885067839
32,1762741.1690433535
36,1960575.4521191127
30,1693322.303480129
37,2037417.616117092
16,1029565.6917876898
27,1552924.7411393102
19,1172891.8667765476
39,2159466.7978166603
39,2157476.371175277
39,2134184.96435887
20,1242230.586626202
37,2034816.3322508112
29,1634953.3032506637
34,1927606.1145546162
31,1760383.6916237224
19,1167401.2430965293
35,1935427.7127492144
26,1527155.55100608
36,1995400.7133519321
22,1301778.0567243088
20,1199691.9212589862
31,1786728.4741482683
28,1604001.0105812787
32,1799687.357708734
22,1260222.0010140962
33,1841464.7135534293
27,1487361.9036251165
37,2049373.2178468914
31,1727750.3310355258
28,1610726.0286441655
17,1026232.4192108465
24,1394519.3547434856
16,1021512.7080255772
30,1714464.7916438456
24,1423342.7473522313
21,1224216.9268934298
24,1421878.9070716703
25,1420620.0123820577
31,1752015.671836201
36,2003090.0649825553
26,1513073.2796722965
33,1871699.690701679
27,1549679.047518333
19,1133080.6451640532
28,1602725.1661250698
39,2113015.0703941924
18,1126104.8906682013
29,1645223.025276117
36,2013080.1928029868
33,1849724.9124078155
19,1135593.039252813
32,1814604.3352392246
23,1327811.5793912152
32,1811837.146394599
20,1191872.4157052587
30,1714960.045254718
35,1931139.0961051814
38,2135054.1688483325
31,1733989.8579880865
26,1462955.0142815902
21,1213881.8486164236
16,987056.42898201
27,1525742.187309163
21,1252447.6464720962
16,1001778.5374087609
31,1764654.218855387
27,1538850.225579129
29,1652368.4064287303
19,1134352.8506396527
16,986386.6224550031
35,1951942.2082084632
29,1623995.4730973328
33,1839809.5158945448
37,2058375.8297345298
29,1671741.7437850486
38,2078539.9969180329
25,1456974.0399603727
33,1842106.5018972212
27,1550594.4932365804
38,2076192.677275248
16,1006538.7682519255
22,1320062.234686753
17,1059462.633059855
40,2189064.4833249217
21,1252458.4923561465
40,2203261.404158654
27,1517135.0606028906
21,1234119.2962664985
21,1273304.063169218
26,1503673.9366952013
23,1317140.3087962717
36,2003690.1710744556
18,1103679.8471555028
39,2127480.8978863168
34,1880549.3433351917
36,1992250.3053568327
36,1982493.8723912055
19,1137448.6279452832
17,1092199.7082816672
18,1072603.1306957572
31,1714554.7488298488
36,2003724.3172471628
34,1849271.39990104
23,1354193.5861818297
37,2048542.858891461
29,1602247.1558301821
28,1597431.2156219792
24,1410295.6847392481
17,992993.5178959727
26,1477263.5715497315
23,1395530.7938688553
33,1893105.751965791
23,1364480.066170737
28,1600001.7806192727
34,1942658.2212257066
20,1210179.5726910462
17,1018187.0060346116
37,2058459.6147671365
33,1840401.9518465009
22,1289015.5696288005
27,1542993.1504815232
17,1065790.3215470964
38,2120256.2741039074
39,2145018.3147832598
30,1709652.7099891156
32,1794492.6838066846
21,1279278.5280902868
39,2167963.436493133
22,1320215.6276801147
35,1978745.1816087216
23,1347030.5586318607
19,1160053.7826811455
40,2221648.429032339
36,2000565.107430201
39,2147297.7840733905
39,2163404.429139832
38,2045223.7712611333
20,1183449.0197719543
31,1754506.573429784
30,1724584.5516125236
36,1980620.9408865161
26,1470825.7880738485
34,1920513.7336846692
30,1728037.3125526644
28,1563559.3629945817
38,2093375.9744520746
22,1325762.3443566207
29,1651457.6695942264
26,1510501.4408172413
35,1949714.3877520612
16,989501.3497049065
18,1067084.3367037151
21,1286975.6381550808
27,1520417.3489171648
18,1089225.7620690186
16,972344.7678781435
27,1567514.819275219
28,1612391.3041225108
27,1522117.6831249318
37,2038161.9499223304
29,1659884.4023855699
29,1640964.8815385436
38,2097473.0597774494
27,1533534.395583354
24,1395901.051140539
33,1825023.6254863637
40,2155943.012349807
29,1655741.0702994547
22,1305724.7372912832
36,2025448.443205681
20,1225999.5670575514
39,2152483.3046426675
40,2182483.2009195383
22,1274443.623079347
24,1409821.0920961758
23,1369223.144274357
39,2172922.132781035
25,1458211.0327011659
18,1090719.9122617322
32,1808359.1821008553
19,1173786.492971068
22,1274881.0828912947
34,1900554.5735877617
27,1521521.3546277988
29,1636768.4223115288
25,1474492.587151996
31,1730286.8766206664
31,1760306.8030814552
24,1377337.194097123
21,1251601.6524924617
32,1803402.432343159
35,1928428.1447332653
29,1684376.897588881
29,1628638.0711668313
16,976033.8384983359
31,1727460.536552424
22,1287281.715572174
29,1640264.1856648324
36,1990440.645589278
29,1659618.5173545582
21,1253504.1171280895
30,1723471.246875112
24,1425773.8173478784
16,1019209.1015494334
17,1058732.7515537299
25,1448246.341550842
19,1154124.122536162
16,987080.6973621245
33,1882929.8615096766
19,1184477.8765624773
33,1819014.7448434257
18,1080462.2372722512
34,1897276.0058243205
31,1743961.7357116616
27,1547224.3969486507
18,1093683.3166336035
37,2060338.3358152816
40,2209024.5877104364
37,2040570.1795699648
38,2098180.7021041736
21,1281797.3234364982
20,1196586.1170756225
26,1524414.9288465772
35,1959377.3920508376
35,1946497.4972386255
40,2207372.00425918
22,1316324.581633479
31,1765190.6749152644
25,1444147.3860477456
22,1293936.132932405
28,1593030.2784394622
31,1743125.426569243
19,1133323.02614988
32,1778361.5510270467
20,1181696.5061925335
21,1238208.0844831709
34,1897289.443644127
30,1711023.4876318825
20,1210743.8829196326
18,1108043.3106890523
19,1153905.6419697942
23,1372655.246122133
27,1540777.8084484057
24,1385611.2888696622
19,1143134.8847632627
16,1008391.48842802
33,1827428.316967657
31,1738184.8048670806
39,2141511.1946530463
18,1078169.4108686885
37,2058827.173850599
30,1700149.592928581
34,1912723.0031969217
40,2236069.386559116
33,1863264.30880513
17,1065776.9142630454
24,1398464.2924904954
21,1251912.056157879
38,2086564.2220004506
29,1645961.0273678896
29,1650538.5180349608
21,1244933.2184549568
38,2113242.9056298123
37,2048779.040285782
19,1118010.155988182
32,1794040.482343812
37,2017242.1306647777
26,1511054.5700179953
33,1843160.5620527973
24,1394899.6869468028
26,1497902.8522443394
25,1455909.3368271482
24,1395590.031847373
19,1166325.1922917438
38,2106883.0043238373
18,1092225.4696490404
16,995300.6801300431
28,1609541.0733883642
18,1071818.2681893301
36,2004346.432549621
24,1367337.0412836275
22,1305145.5183018176
22,1278853.3231304667
30,1704692.923754095
35,1918054.8395458867
27,1565737.2447968451
22,1304885.5656455182
39,2150228.4903072263
30,1743597.7861656393
28,1584782.0969101442
38,2121080.1728012185
26,1491688.5222444383
20,1181318.2652516481
20,1239157.985159117
35,1934054.1463415122
19,1136511.100412258
33,1860594.8564811964
34,1918120.2085514122
23,1351052.9164253827
35,1932067.3483026905
35,1962984.9560225646
39,2131150.6284615686
30,1695901.1546727673
22,1304107.1136450293
24,1421987.034845753
31,1767982.4696799822
22,1301312.002966852
40,2159585.2027231716
37,2087597.000498906
18,1116444.5863112072
22,1284779.3219274643
36,1972724.7238434006
28,1591964.4092457911
17,1042283.2245077676
35,1978510.8274474205
16,998403.0727178853
32,1825009.4008046214
32,1841875.5770164544
38,2083945.7125255717
39,2141168.43729304
27,1592632.1061311716
37,2054474.483166524
24,1373721.5059952517
24,1408319.5851178947
22,1296234.652480681
23,1330261.562104987
28,1605759.9951094761
18,1087352.164863013
21,1220780.4678528972
36,1973531.491464736
19,1157922.8716868155
30,1666138.020194292
23,1372954.3808021036
28,1602731.4903498283
34,1887786.4372490915
34,1952067.3555361528
33,1837151.4102147745
33,1848939.3511117606
33,1824566.0689140062
26,1500852.1844752007
31,1764372.4325078211
17,1080257.7334950708
28,1633405.608415755
34,1897565.1108577817
26,1537444.6935127291
28,1585281.3670121904
22,1279827.3643485166
31,1721173.3773098825
33,1842527.7511597306
21,1288852.8381285206
40,2171709.3536411193
35,1934958.0329533606
20,1186396.3525692932
20,1211696.5527411923
22,1273631.6344738973
23,1327895.9031836495
31,1743379.496377776
34,1871886.2526036417
22,1320148.5522123463
21,1264334.6601541084
39,2118773.2681299546
33,1839749.1024464455
22,1320828.1801545385
17,1027677.8401463133
23,1370628.261258814
20,1184899.4092491034
34,1893324.0122937593
33,1821436.867124321
16,981321.1909470747
37,2055353.9840101819
17,1073654.4972143483
33,1850535.8688623887
29,1653445.9343688197
23,1337352.5922716835
17,1050832.2069739203
28,1612687.9918232267
22,1287458.0813258118
29,1655112.0917010298
21,1260414.8523191928
33,1837489.9069620848
40,2167157.295007341
26,1490528.8935738325
20,1208264.6564600784
20,1182006.401798048
24,1416561.5198509635
22,1319403.552636174
16,969403.9301901
37,2104039.3586854776
24,1430825.9329882807
17,1053400.9105712126
32,1826233.3995363368
20,1214838.5983941786
19,1140559.6077343598
20,1172897.5320059005
22,1290093.2566196262
26,1517904.1165777247
20,1179559.4627270405
18,1115427.6105310093
20,1181766.2744734352
40,2162422.478957546
32,1800883.7983911207
36,2037039.1804035665
17,1055268.505233043
40,2214452.0539322
23,1339723.7303318805
30,1693074.2071934568
27,1564979.1899639713
31,1734171.0748254366
19,1138980.5082496237
28,1606405.8336801445
36,2031688.1166594813
34,1895400.0160794444
40,2189732.624623679
19,1205329.3216883792
27,1544506.3714209076
27,1535291.0536152022
36,1993977.9280972893
16,985518.4087625035
20,1177554.7182557194
27,1592878.8387647227
35,1950604.931297119
30,1713372.198989649
37,2052424.4836737872
31,1738271.5861208157
28,1618165.2281853466
16,1010631.719714855
35,1935973.9955163621
23,1344277.7363626692
38,2108269.4658621103
21,1298102.1893464795
37,2039549.780823839
17,1037693.7805273652
20,1185254.3170091838
30,1722666.2653911642
20,1227405.6623598116
36,2005032.245062007
17,1087610.594521355
21,1242681.9150972508
36,2000513.4890731599
18,1094294.036752249
38,2118140.1524866
17,1042789.3980514152
22,1305655.5948857677
40,2186226.5591935473
18,1096562.82402026
21,1254992.1126202988
33,1872890.802786158
19,1139209.4506045922
22,1311494.2945423198
32,1825749.2452769694
26,1483611.420468034
19,1128252.8271255225
21,1275776.6478462198
22,1322356.6880109943
17,1050672.2057382315
38,2123260.3816167735
38,2119590.352017744
23,1332094.4046021826
28,1608442.771780365
32,1830402.4563370266
24,1405494.4729689965
20,1176082.4303771777
29,1662960.9008296207
39,2160794.690345127
16,994825.4722722513
20,1151422.1938181326
26,1483362.2610067236
22,1302986.6205220476
18,1104407.0766561392
37,2043478.4562848355
38,2100141.8895065123
37,2084286.2935996864
19,1131336.258687531
21,1284197.570637733
31,1723514.7631463571
38,2098003.0925225713
29,1641648.7805377794
18,1096518.5006925068
32,1806761.4345345455
36,2013340.910951673
31,1775378.9028286624
32,1799416.5531400244
34,1894956.3455105072
27,1542534.5907648925
17,1059165.624265803
28,1603107.3149223118
21,1249590.0887565434
38,2121336.240525335
23,1324801.065978947
24,1409040.4327156846
39,2161520.3482896895
27,1547989.823263716
35,1938785.6776946555
32,1833053.5643243687
22,1278242.9592506615
29,1621769.2549084763
21,1225317.6583692157
26,1497001.2879906488
32,1811976.6834531215
39,2130460.8433372844
16,1035162.2183242867
17,1039623.0937343765
22,1307587.1783933423
17,1051677.6869568916
22,1332880.7263072978
33,1843875.3926905484
17,1048401.76511787
17,1081828.1162344448
24,1383129.0786552099
37,2064100.6799482
38,2074734.947643746
37,2053799.8715031568
17,1031130.0726049849
29,1652320.5679457374
32,1793884.4604285983
22,1318361.6392070076
40,2190004.293175128
29,1647077.5417716918
21,1209078.4605819713
22,1336412.6519441144
24,1399744.878990375
34,1901213.5819407413
26,1529979.4332488175
23,1342204.6434104568
37,2046136.7864612273
24,1360691.4849692862
37,2037412.509354455
40,2227387.88993756
39,2153453.479539682
29,1635199.9578005357
20,1211938.6646279946
39,2138753.578560226
27,1548093.0432300789
19,1126208.9643173397
18,1108278.1682147814
25,1420436.462560858
17,1026973.8100118528
22,1278322.074207887
34,1891059.3808474576
18,1112817.8831708424
25,1414978.3333491054
28,1594122.6620505282
26,1504046.363611167
31,1758058.9571982871
24,1374127.2175472022
36,1964829.18804828
17,1054132.1825544557
30,1738287.3455411417
20,1191144.0535693676
24,1398482.2998198855
31,1757256.1954814978
22,1281347.8923947448
16,1025807.6612154607
32,1831399.563922145
39,2161077.1639270065
36,1976330.2357826228
16,1025053.0981111404
32,1792698.9131426904
27,1525739.288296026
19,1120328.6662789679
25,1467536.6179212811
29,1611941.9687581337
29,1678158.9776519476
36,2005808.4778259206
30,1656900.6955899978
20,1214831.7999968508
35,1970908.1523064894
38,2104286.821507406
26,1531584.084200736
17,1047103.578439807
25,1511294.5607578955
35,1968028.9340067073
28,1596235.5495741614
34,1884138.9244773884
16,1003453.0256971351
22,1274069.83338722
28,1590636.9365470624
30,1728568.6229347966
37,2036776.865427727
27,1572487.0032279738
21,1260999.4791325436
33,1846210.3973802782
16,1031023.5426578452
36,1996996.8592501737
32,1792337.7277224988
22,1292369.2136709976
16,996241.6994661399
26,1491859.8469136113
31,1728673.328562417
32,1793376.3921189571
39,2160571.069670967
22,1316190.9103110025
28,1588367.0131193553
31,1737992.351421673
18,1100006.632505127
35,1965909.7851640908
25,1466008.3671583042
35,1946398.0139804152
22,1298933.1407550655
23,1371496.8035140522
21,1261533.6046825983
17,1041323.3271818325
37,1992442.9969731923
25,1474814.2527403496
31,1757320.9559499836
28,1602028.0006681052
19,1136700.490250241
40,2201867.3172261957
22,1282051.5855845714
16,970678.3647552071
23,1327517.7940869436
18,1080101.3111236733
33,1849220.3446354493
18,1089493.8599274317
35,1973974.580105532
27,1539523.9779770477
19,1135193.4126832257
25,1445498.2866129156
22,1316100.1496731255
24,1434461.7978954501
32,1752357.3565599856
28,1589459.2753587277
29,1667288.177053375
37,2036895.3776212332
39,2135582.042646912
16,1011114.7660319881
39,2113533.6571295443
29,1670257.124162971
17,1017049.7871229411
22,1330974.2099332197
40,2210613.2985105496
37,2015304.8999521066
28,1616642.6432291423
40,2212895.2993914597
23,1334030.5253446007
25,1456478.7928417204
31,1796518.2343343063
26,1523401.3280843932
36,1956848.856513961
30,1706599.6818435406
28,1579250.7403630659
32,1821779.2605476996
36,1986883.0182232289
40,2197880.364000224
24,1414580.3450572507
17,1030676.348675237
32,1802660.4584105532
24,1426986.3609690135
16,990768.1800170813
40,2201980.192454047
25,1462980.9225791136
16,1011138.3230552813
40,2211069.3580277627
27,1533666.6133275456
37,2052663.151593661
33,1851938.9716184745
19,1123144.92101435
30,1698737.6861734046
37,2052480.3063721121
36,1980241.9909266038
17,1070078.7321194273
20,1206586.3546389088
38,2104173.570487309
36,2006634.779701111
28,1590936.1053206252
25,1461903.160128337
36,2018899.0305033843
19,1132119.9106952301
25,1493083.9646671386
18,1117984.6214362222
18,1123046.740498486
31,1731925.3688810735
26,1534610.136747057
30,1704923.6056465087
37,2056463.9519371742
36,2016481.3295127389
33,1875925.1682587361
37,2021547.9870243396
40,2191814.9938677964
29,1671080.8319232734
32,1819132.9477969042
28,1606991.1589726412
31,1721793.2362783714
25,1405954.8646204288
21,1272420.088138326
28,1626797.5957288835
33,1863359.1181058984
30,1694220.6259416658
32,1806554.8006657048
27,1533395.4824071787
22,1284060.8469343758
16,974577.0645128689
36,2033697.6604516509
20,1229529.5481183345
33,1841853.8665536302
18,1090588.5502797817
32,1783053.0377130436
24,1438069.2059964228
23,1407245.2715456905
38,2091411.8051501892
20,1203705.8303566896
40,2193257.075242256
28,1625927.2759462204
29,1654771.5222010093
33,1849935.9699193737
30,1684673.9775956143
39,2129473.988998085
26,1494432.671193978
20,1189248.7657378924
30,1721138.635624976
27,1540980.8634695977
22,1313737.339226697
28,1597073.0055231906
34,1890713.2864783872
27,1585886.3173048513
32,1780404.2265600427
34,1906537.0349561465
33,1837124.887723354
16,979407.9481023044
24,1390872.1514034881
26,1478574.2964655373
21,1277414.8901494995
38,2079311.7639261724
35,1943420.3541649599
21,1239926.1345148312
32,1831122.0847677107
35,1959689.068609099
31,1767549.116443073
29,1628062.5654265415
37,2032155.5408935598
20,1208538.9922157838
37,2074795.5661721407
32,1837843.6753393647
16,991359.2092097844
33,1863347.5248766684
34,1923987.1361056343
33,1852271.6996483617
18,1130320.5024909906
38,2077793.1194740478
18,1112246.898401969
23,1319612.012948835
25,1442546.5767442724
29,1643462.9200680202
40,2195337.8334004316
31,1752569.3239158154
32,1830461.898324701
24,1423780.6721768037
27,1555723.8988510864
23,1351484.8726938404
26,1498945.5724799172
21,1218305.5396357416
36,1972345.3021114345
26,1511821.0695128494
23,1364225.893695873
22,1315265.6509295122
31,1719468.0853327056
21,1273599.3147891518
37,2026644.9616480316
39,2143034.0176170287
30,1725919.0537656853
28,1627786.9024161012
26,1546404.6075028572
21,1228255.293568233
21,1261753.464412047
24,1412282.710482334
21,1227527.5546090002
24,1397815.21317506
28,1597294.598868675
27,1542230.4634876358
30,1726304.7325748857
33,1874399.265895541
26,1503638.8885701988
19,1144873.42668615
18,1083084.544105482
25,1463213.5642307648
24,1415917.4397604438
36,1986619.0975165234
28,1591205.5399703353
38,2109572.873293236
35,1962221.2240014789
38,2113494.441225005
16,1020978.0743034317
35,1967361.357968917
30,1695306.5561903627
30,1689429.5548719033
23,1366267.4537894665
23,1358529.6480846058
39,2142608.3914633915
32,1821805.8551020022
27,1557086.2963878657
33,1830856.693095017
24,1419348.8092027581
20,1215453.6703606427
31,1752033.0249784263
17,1040512.66371187
23,1350731.1932880175
40,2201566.7291990626
35,1953279.1398688478
34,1881590.0530437576
23,1359092.4204713497
25,1479749.8115584499
32,1787768.1632639116
19,1124810.5759124788
24,1410878.6338836667
22,1312345.8816132313
33,1836513.9621181344
16,996241.7973089736
26,1525625.8071233942
24,1407945.8913119005
36,1983143.7545556477
18,1100177.495428339
22,1307689.6866666023
17,1077946.5612493898
29,1658840.3579941655
29,1692236.9187096113
22,1294791.0743245892
35,1976862.5444346778
25,1446864.9742103352
24,1407709.3068947752
26,1460426.686662213
21,1224031.790420761
18,1079593.4226471186
35,1938719.2318124135
26,1500222.4660576233
25,1456730.8844855195
31,1761233.2361560548
27,1547941.9365736805
37,2071576.6982851988
24,1397643.693910187
21,1240148.629960765
29,1665402.347840261
40,2153241.969977041
40,2207521.90735108
22,1348418.7703131768
33,1820335.5758220763
24,1439625.2690944385
23,1357796.1344107704
33,1842971.9346398904
31,1770059.9380090146
34,1937124.3313479058
19,1174917.883645417
38,2098628.4506188263
29,1649825.0120648681
22,1272879.0558253075
32,1784859.4086829906
25,1441667.5926695177
25,1486895.0885511818
38,2107682.6785168895
23,1292607.5995029008
16,949570.8345880711
18,1123868.0265288516
27,1570497.5846565329
28,1610925.5447312796
30,1705489.270776171
27,1519632.6970492
17,1088909.4491172913
37,2061101.394401427
19,1201077.0155395065
16,1016955.1897915538
20,1227662.7027972424
28,1585154.667256847
38,2095259.4830611807
37,2038296.3184694666
37,2051277.6845100666
18,1090891.126746607
31,1741762.567826126
36,2009623.4817734908
23,1332001.865815785
33,1859755.6929150443
22,1315075.6163746999
23,1354937.0785826244
23,1361294.8451698082
37,2025287.5180134263
20,1222179.0114591285
22,1305054.352423557
33,1846689.7254206033
17,1023044.2049963888
18,1092195.8941166694
38,2103645.95564676
18,1108308.3766058697
39,2163535.4558957196
32,1809431.6961569178
39,2151036.4665520075
20,1225798.1105352335
30,1677310.82143508
26,1467486.1478697439
29,1671515.389874143
28,1587228.4761924595
40,2226555.4579102844
34,1886552.1231061195
32,1797353.7987413113
18,1086283.4463838653
38,2116891.4171943297
37,2046180.94474257
30,1724661.2054964555
37,2028771.4020122113
32,1827940.627497587
30,1735935.5904758286
23,1336449.7052045914
23,1350847.6245739225
25,1462397.0796065307
17,1040510.1754114586
23,1358380.4120771596
20,1170888.8615737583
32,1815414.6413490584
31,1725473.6232140546
35,1939332.2428944604
37,2076522.5814007337
30,1664337.686262129
20,1193378.9893705584
23,1328439.9895843768
31,1738323.9315548777
18,1110913.2744548796
26,1486786.4611245638
37,2055484.7730539516
23,1340271.5525360154
21,1262047.0567778505
38,2076306.0506373988
33,1816344.2908912124
30,1706033.4943761944
29,1645179.7351242907
37,2055056.1213059057
23,1348043.471359278
20,1190003.040049443
38,2113264.3277940857
29,1655262.4545316119
22,1270970.9335125345
23,1376801.1322949259
29,1660423.515036277
28,1599809.6962903305
29,1663588.048494532
22,1296613.4460646305
28,1576528.5800289996
21,1244160.1547714665
26,1488836.9642820857
33,1874123.4340406968
16,1037246.4194649748
40,2197374.5304982723
27,1564720.308862866
23,1354907.0989714484
36,1943409.8939550193
38,2118449.114664724
39,2145274.67109938
16,1021102.3746319644
19,1172600.7989257893
29,1689693.9091458216
31,1743567.0330271607
34,1900251.0544622056
22,1332402.122789173
20,1190835.4432251663
29,1602880.7195705764
39,2192854.970798975
35,1961670.5018366668
18,1085392.4421760119
26,1500694.1213428425
20,1204871.9198408935
27,1584356.070135944
20,1202370.6848289268
34,1914904.1395526282
35,1976094.6339964303
32,1826729.0538336625
35,1980565.3273441796
31,1765491.3036699495
31,1732696.045103347
40,2186656.989724633
18,1082851.651072969
30,1682692.4467918698
37,2051120.2325274933
23,1340287.4293285154
39,2153618.7315332755
39,2156609.521592865
26,1518711.3205131225
29,1648372.2959103556
21,1237654.120971756
36,2039457.9170956097
22,1307769.7386559835
33,1832936.1564744632
39,2137621.6170494994
16,991487.0300014028
22,1315281.920787034
20,1206071.0847238086
20,1180260.1728864491
19,1163768.2210777758
20,1217449.970042861
25,1452110.4386800576
38,2096532.6628922871
32,1798693.8653566905
26,1512588.0322412413
25,1449717.2948157873
39,2129478.359981374
23,1381842.3929597759
25,1474948.5267364737
26,1482743.987856472
26,1484861.8025446988
19,1109538.294939339
22,1320683.8019153355
27,1542238.2332979797
33,1848454.812693353
19,1193303.4166301277
33,1855997.781694812
34,1890110.7488538795
29,1644125.5592026424
33,1813806.2399418198
29,1646235.0592329286
33,1848958.25469387
32,1806788.7677063497
29,1652879.7471862314
24,1395922.587167276
24,1393553.7631149597
28,1592972.3388176914
25,1445666.1349188816
21,1227825.4773141542
26,1494658.4221980334
31,1724412.19824157
35,1948763.756181939
32,1800110.6227725854
22,1293476.9956389877
24,1403660.9920163427
30,1707891.417830923
21,1249004.8395672778
23,1357745.521125291
17,1051027.957086342
35,1949554.5344273106
17,1061571.1651756836
40,2194458.6138592293
23,1351559.227949201
20,1206075.2815103438
31,1782536.017650127
39,2139036.817503126
32,1839004.5659969465
37,2014269.4408323031
21,1283645.2649745336
32,1786375.6475281564
18,1097289.2574650345
29,1651161.7281318353
20,1195909.5692165361
22,1284563.3289470654
32,1776501.1982138774
31,1760736.152585245
36,1989354.5718675724
32,1812393.1645469675
30,1699966.3437901007
33,1867012.2717913825
16,995019.305881124
25,1439708.023214317
16,998204.4150065759
24,1375309.9544041478
26,1512871.7075886626
25,1426918.6454749159
27,1539502.429837159
23,1336460.1930477568
40,2194867.449290916
36,2006170.2672922658
29,1623026.4868725208
21,1249648.5647893667
16,1002227.7012266216
17,1011544.7806160123
37,2048721.799547177
30,1728873.9860589532
22,1300712.5942698114
21,1263911.0484258842
26,1509980.452014355
31,1772652.5464738603
19,1119243.3309644572
39,2142284.3388015847
23,1350377.2369344991
29,1656692.1458346145
25,1418140.4909743972
29,1675230.7014962211
31,1731818.6937832444
27,1554997.6045265358
22,1300839.981742882
20,1186634.9885109086
18,1089382.927850455
32,1793562.0317242865
38,2114980.5998223317
20,1212656.8952884842
40,2222690.6489739446
23,1341876.1526381813
